{"species": "c-amorph", "wavelength": [0.10462, 0.1107, 0.11718, 0.12404, 0.13131, 0.13899, 0.14712, 0.15573, 0.16485, 0.1745, 0.18471, 0.19552, 0.20694, 0.21908, 0.23191, 0.24546, 0.25981, 0.27502, 0.2911, 0.30818, 0.32618, 0.34535, 0.36551, 0.38695, 0.40958, 0.4335, 0.45885, 0.48582, 0.51423, 0.54425, 0.57612, 0.60984, 0.64539, 0.68346, 0.72334, 0.76578, 0.81033, 0.85799, 0.90828, 0.96109, 1.0179, 1.0771999, 1.1406, 1.2071999, 1.2775, 1.3522, 1.4313, 1.5151, 1.6039001, 1.6977, 1.7970999, 1.9021001, 2.0136001, 2.1313, 2.2561998, 2.3879001, 2.5280998, 2.6760001, 2.8325, 2.9982998, 3.1741002, 3.3598998, 3.5565, 3.7637999, 3.9839001, 4.217, 4.4645, 4.7266002, 5.0032001, 5.296, 5.6048999, 5.9320998, 6.2806001, 6.6477003, 7.0362997, 7.4506998, 7.8867998, 8.3487997, 8.8368006, 9.3499002, 9.9026003, 10.4799995, 11.0889997, 11.7410002, 12.4280005, 13.1560001, 13.9259996, 14.7400007, 15.6029997, 16.5170002, 17.4840012, 18.507, 19.5889988, 20.7360001, 21.9510002, 23.2350006, 24.5940018, 26.0349998, 27.5569992, 29.1720009, 30.8790016, 32.6870003, 34.5929985, 36.6259995, 38.7679977, 41.0389977, 43.4410019, 45.9699974, 48.6769981, 51.5079994, 54.5210037, 57.7190018, 61.1040001, 64.6740036, 68.4589996, 72.4609985, 76.7200012, 81.1920013, 85.9779968, 90.9609985, 96.3330002, 101.9600067, 107.8999939, 114.2700043, 120.9599991, 127.9900055, 135.4799957, 143.4099884, 151.8099976, 160.6800079, 170.0899963, 180.0500031, 190.5900116, 201.7600098, 213.5399933, 226.0299988, 239.3000031, 253.2799988, 268.1199951, 283.769989, 300.4100037, 350.0, 400.0, 450.0000305, 500.0, 550.0, 600.0, 700.0, 800.0], "n": [1.4146, 1.5369, 1.6026, 1.6407, 1.6564, 1.6573, 1.6507, 1.6414, 1.6276, 1.6105, 1.6003, 1.6048, 1.6169, 1.6273, 1.6188999, 1.6055, 1.6169, 1.6362, 1.6592, 1.6871001, 1.7278, 1.7643, 1.7986, 1.8365, 1.8789001, 1.9207, 1.9595, 1.9977, 2.0366001, 2.0745001, 2.1122999, 2.1529, 2.1960001, 2.2302001, 2.2520001, 2.2846999, 2.3178999, 2.3410001, 2.3659, 2.3910999, 2.4175999, 2.4454999, 2.4744, 2.5006001, 2.5237999, 2.5473001, 2.5727, 2.5939, 2.6141, 2.6412001, 2.6677999, 2.6951001, 2.7248001, 2.7532001, 2.7846999, 2.8180001, 2.849, 2.8785999, 2.9087, 2.9349999, 2.9617, 2.997, 3.0204999, 3.0248001, 3.0448, 3.0651, 3.0869, 3.1092999, 3.1308999, 3.1466, 3.1501999, 3.1431999, 3.1487999, 3.1717999, 3.2002001, 3.2409999, 3.2907, 3.3552999, 3.4282999, 3.4849, 3.523, 3.5501001, 3.5676999, 3.6142001, 3.6378, 3.6691999, 3.7056, 3.7328, 3.7507, 3.7849, 3.8150001, 3.835, 3.8773, 3.8801, 3.9384, 3.9937999, 4.0160999, 4.0672998, 4.1083999, 4.1444001, 4.2005, 4.2386999, 4.2990999, 4.3200002, 4.3765001, 4.4032001, 4.4375, 4.4889002, 4.5584998, 4.6229, 4.6671, 4.7006001, 4.7435002, 4.7972999, 4.8477001, 4.8910999, 4.9533, 4.9895, 5.0405998, 5.0946002, 5.1441998, 5.2126999, 5.2923002, 5.3688002, 5.4586, 5.5626001, 5.6609001, 5.7554998, 5.8885999, 6.0258002, 6.1829, 6.3516002, 6.5207, 6.6599998, 6.7519999, 6.9298, 7.1030998, 7.3179002, 7.5300002, 7.7392998, 7.8765998, 8.1955004, 8.7319002, 9.1424999, 9.7299995, 10.1780005, 10.6289997, 10.8500004, 11.4379997], "k": [0.79605, 0.74714, 0.68685, 0.62588, 0.57157, 0.52889, 0.49907, 0.47855, 0.46559, 0.46619, 0.48128, 0.50096, 0.51175, 0.51599, 0.51434, 0.54823, 0.58439, 0.61903, 0.64703, 0.6827, 0.70727, 0.72423, 0.74168, 0.76024, 0.7743, 0.78226, 0.78793, 0.79392, 0.79842, 0.80087, 0.80375, 0.80537, 0.80049, 0.78468, 0.78081, 0.78306, 0.77344, 0.76754, 0.76593, 0.76537, 0.76593, 0.76645, 0.76465, 0.76119, 0.75901, 0.76012, 0.76009, 0.75901, 0.766, 0.7728, 0.77731, 0.78398, 0.78831, 0.79342, 0.79891, 0.80082, 0.79985, 0.80007, 0.79805, 0.79566, 0.79775, 0.79642, 0.77557, 0.77792, 0.78566, 0.79178, 0.79754, 0.80272, 0.80437, 0.80345, 0.80395, 0.82333, 0.86481, 0.90467, 0.94697, 0.98852, 1.028, 1.0599, 1.0697, 1.0556999, 1.0487, 1.0359, 1.0582, 1.0639, 1.0696, 1.0856, 1.0957, 1.0996, 1.1178, 1.1452, 1.1502, 1.1896, 1.1957, 1.2383, 1.2918, 1.2982, 1.3279999, 1.3635, 1.3806, 1.4233, 1.4436001, 1.4839, 1.4931, 1.5294, 1.558, 1.5858999, 1.6364, 1.6934, 1.7388, 1.7632999, 1.7847, 1.8238, 1.8765, 1.9281, 1.9705, 2.0311999, 2.0804, 2.1364, 2.2107, 2.2797999, 2.3649001, 2.4611001, 2.5488999, 2.6421001, 2.7448001, 2.839, 2.9258001, 3.0374, 3.152, 3.2543001, 3.3536, 3.4329, 3.4886, 3.5165999, 3.6070001, 3.7182, 3.8044, 3.8801, 3.9173, 3.9103, 3.8870001, 4.0776, 4.2459002, 4.3736, 4.4177999, 4.3372002, 4.1034999, 3.8741, 3.8002999], "formula": "c-amorph", "density": 1.8, "temperature": 298.0, "stype": "amorphous carbon", "origin": "LABORATORY", "citation": "@ARTICLE{1993A&A...279..577P,author = {{Preibisch}, Th. and {Ossenkopf}, V. and {Yorke}, H.~W. and {Henning}, Th.},title = '{The influence of ice-coated grains on protostellar spectra.}',journal = {\\aap},keywords = {Astronomical Models, Cosmic Dust, Ice, Interstellar Matter, Molecular Clouds, Protostars, Star Formation, Stellar Envelopes, Stellar Spectra, Ammonia, Amorphous Materials, Carbon, Mathematical Models, Mie Scattering, Radiative Transfer, Refractivity, Astronomy},year = 1993,month = nov,volume = {279},pages = {577-588},adsurl = {https://ui.adsabs.harvard.edu/abs/1993A&A...279..577P},adsnote = {Provided by the SAO/NASA Astrophysics Data System}}"}