{"species": "feo-200k", "wavelength": [10.0342999, 10.0837002, 10.1337004, 10.1841002, 10.2349997, 10.2863998, 10.3383999, 10.3908997, 10.4439001, 10.4974003, 10.5515003, 10.6062002, 10.6615, 10.7173004, 10.7736998, 10.8306999, 10.8882999, 10.9464998, 11.0053997, 11.0649004, 11.125, 11.1857996, 11.2473001, 11.3093996, 11.3722, 11.4357996, 11.5, 11.5649996, 11.6307001, 11.6970997, 11.7643995, 11.8324003, 11.9012003, 11.9708004, 12.0411997, 12.1124001, 12.1844997, 12.2574997, 12.3312998, 12.4061003, 12.4816999, 12.5583, 12.6358004, 12.7143002, 12.7937002, 12.8741999, 12.9556999, 13.0382004, 13.1218004, 13.2065001, 13.2922001, 13.3790998, 13.4671001, 13.5563002, 13.6466999, 13.7383003, 13.8311005, 13.9252005, 14.0205002, 14.1171999, 14.2152996, 14.3147001, 14.4154997, 14.5177002, 14.6213999, 14.7265997, 14.8332996, 14.9415998, 15.0515003, 15.1630001, 15.2761002, 15.3909998, 15.5075998, 15.6260004, 15.7461996, 15.8682003, 15.9921999, 16.1180992, 16.2460003, 16.3759995, 16.5081005, 16.6422997, 16.7786999, 16.9174004, 17.0583, 17.2017002, 17.3474998, 17.4957008, 17.6466007, 17.7999992, 17.9561005, 18.1149998, 18.2768002, 18.4414005, 18.6091003, 18.7798004, 18.9536991, 19.1308002, 19.3113003, 19.4951992, 19.6826992, 19.8738003, 20.0685997, 20.2672997, 20.4699993, 20.6767998, 20.8878002, 21.1030998, 21.3229008, 21.5473995, 21.7765999, 22.0107994, 22.25, 22.4944992, 22.7444, 23.0, 23.2614002, 23.5286999, 23.8022995, 24.0823994, 24.3689995, 24.6625996, 24.9633999, 25.2716007, 25.5874996, 25.9113998, 26.2436008, 26.5844002, 26.9342003, 27.2933006, 27.6622009, 28.0410995, 28.4305992, 28.8309994, 29.2429008, 29.6667004, 30.1028996, 30.5522003, 31.0151997, 31.4923, 31.9843998, 32.4920998, 33.0161018, 33.5573997, 34.1166992, 34.6949005, 35.2930984, 35.9123001, 36.5536003, 37.2182007, 37.9073982, 38.6226006, 39.3653984, 40.1372986, 40.9399986, 41.7755013, 42.6458015, 43.5531998, 44.5, 45.4888992, 46.5227013, 47.6046982, 48.7380981, 49.9267998, 51.1749992, 52.4872017, 53.8684006, 55.3242989, 56.8610992, 58.4856987, 60.2058983, 62.0303001, 63.9687996, 66.0323029, 68.2332993, 70.5861969, 73.1071014, 75.8147964, 78.7307968, 81.8799973, 85.2917023, 89.0, 93.0455017, 97.4761963, 102.3499985, 107.7369995, 113.7220001, 120.4120026, 127.9380035, 136.4669952, 146.2140045, 157.4620056, 170.5829926, 186.0910034, 204.6999969, 227.4440002, 255.875, 292.4289856, 341.1669922, 409.3999939, 511.75], "n": [2.30091, 2.29983, 2.3015299, 2.3016601, 2.2932999, 2.2850699, 2.2804501, 2.2865601, 2.28055, 2.2860799, 2.2843001, 2.2836201, 2.2754099, 2.2741301, 2.2658999, 2.2641301, 2.26349, 2.2592001, 2.2585599, 2.2535999, 2.2585299, 2.25245, 2.24596, 2.2330201, 2.2337501, 2.2290001, 2.23072, 2.2256801, 2.2290699, 2.21492, 2.20435, 2.1963501, 2.1995201, 2.1846001, 2.1739199, 2.1658001, 2.17418, 2.1812, 2.1670699, 2.1412699, 2.13851, 2.1380799, 2.1322899, 2.12274, 2.1066899, 2.10657, 2.0928099, 2.08884, 2.0748501, 2.07371, 2.06587, 2.04721, 2.0341499, 2.0255201, 2.0213301, 2.0018499, 1.9954, 1.9825, 1.97212, 1.9513201, 1.93873, 1.9212199, 1.9014601, 1.87902, 1.86127, 1.85304, 1.8306201, 1.81621, 1.7955199, 1.76776, 1.7228301, 1.70794, 1.69754, 1.67986, 1.6604, 1.65257, 1.64212, 1.6189899, 1.6124901, 1.59928, 1.57987, 1.54857, 1.51129, 1.4629101, 1.41113, 1.35437, 1.29712, 1.23015, 1.15833, 1.08538, 1.01239, 0.95191, 0.90347, 0.86641, 0.83757, 0.80915, 0.78715, 0.767, 0.7542, 0.74243, 0.72969, 0.71887, 0.71517, 0.71291, 0.70992, 0.71228, 0.72664, 0.74106, 0.75394, 0.77351, 0.80571, 0.82944, 0.84951, 0.87651, 0.91455, 0.94124, 0.96396, 1.00183, 1.05135, 1.08192, 1.1239001, 1.1933, 1.2849801, 1.36112, 1.4709899, 1.62001, 1.78256, 1.9261, 2.1171999, 2.3601699, 2.6077099, 2.8752699, 3.2562499, 3.67593, 4.1424398, 4.64504, 5.2597098, 5.72192, 6.08781, 6.3954802, 6.5680399, 6.5673499, 6.4828801, 6.3958502, 6.2942801, 6.1356802, 6.0569301, 5.9363399, 5.8431501, 5.7410898, 5.6866498, 5.61201, 5.4707899, 5.3917999, 5.33674, 5.2330098, 5.13834, 5.0775299, 5.0462298, 4.96662, 4.8975, 4.8694701, 4.8596301, 4.80371, 4.7546301, 4.7292199, 4.72087, 4.6672101, 4.6256099, 4.5988898, 4.6052899, 4.5662198, 4.5430498, 4.54283, 4.5495701, 4.5226998, 4.5280099, 4.53617, 4.5430698, 4.5391102, 4.5430002, 4.5829101, 4.5574498, 4.5199599, 4.5190902, 4.5127101, 4.5285702, 4.5264902, 4.5493999, 4.5526299, 4.58318, 4.5872898, 4.62045, 4.61871, 4.65343, 4.64749, 4.6943998, 4.68436, 4.7376599, 4.6775398, 4.7168798], "k": [0.10887, 0.11205, 0.11297, 0.10784, 0.10465, 0.10754, 0.1172, 0.11912, 0.11912, 0.12408, 0.11779, 0.11735, 0.11303, 0.11765, 0.11323, 0.12376, 0.11798, 0.12453, 0.1197, 0.12691, 0.12186, 0.11895, 0.11217, 0.11918, 0.12212, 0.12574, 0.1241, 0.12534, 0.1188, 0.11126, 0.11395, 0.12121, 0.11944, 0.11342, 0.12115, 0.13067, 0.14108, 0.12775, 0.1118, 0.11592, 0.13234, 0.12888, 0.12961, 0.12185, 0.13037, 0.13174, 0.13157, 0.13485, 0.13451, 0.14242, 0.13034, 0.13302, 0.13637, 0.14607, 0.1405, 0.14279, 0.1473, 0.14623, 0.14501, 0.14382, 0.15014, 0.14688, 0.15216, 0.15522, 0.17164, 0.17292, 0.17714, 0.18234, 0.18307, 0.1801, 0.19795, 0.23227, 0.24343, 0.25738, 0.2728, 0.29352, 0.29337, 0.30728, 0.31748, 0.31583, 0.30866, 0.30172, 0.29571, 0.29485, 0.30091, 0.31362, 0.33037, 0.35105, 0.38584, 0.43153, 0.49418, 0.57159, 0.65348, 0.7385, 0.81884, 0.90008, 0.98292, 1.06617, 1.1511, 1.2311701, 1.31444, 1.40163, 1.49196, 1.5786901, 1.67072, 1.76896, 1.86759, 1.95819, 2.05459, 2.1559401, 2.2528, 2.3388, 2.4373801, 2.54091, 2.64253, 2.7352099, 2.8497701, 2.97281, 3.0895901, 3.20767, 3.3622601, 3.5216899, 3.67419, 3.8257401, 4.01899, 4.1890802, 4.3446498, 4.4994798, 4.7044201, 4.8682899, 5.0212002, 5.20086, 5.37707, 5.4662099, 5.5087399, 5.4958301, 5.3228202, 4.94557, 4.5592098, 4.1098599, 3.5671201, 3.0924001, 2.6896601, 2.41366, 2.09816, 1.92092, 1.73902, 1.58981, 1.45297, 1.3573101, 1.25398, 1.12054, 1.01679, 1.00214, 0.90556, 0.85217, 0.81162, 0.82272, 0.76748, 0.73809, 0.72789, 0.75297, 0.70588, 0.68511, 0.66934, 0.69126, 0.65005, 0.64041, 0.63362, 0.66858, 0.64965, 0.64763, 0.65731, 0.68704, 0.66338, 0.67767, 0.68519, 0.69771, 0.67972, 0.6883, 0.68738, 0.68874, 0.61658, 0.65846, 0.64808, 0.69617, 0.67996, 0.72689, 0.70986, 0.76068, 0.73868, 0.79344, 0.76628, 0.83325, 0.80973, 0.90446, 0.89023, 1.02279, 1.01859, 1.23947, 1.35378], "formula": "feo-200k", "density": 5.7, "temperature": 200.0, "stype": "crystalline oxides", "origin": "HYBRID", "citation": "@ARTICLE{1995A&AS..112..143H,author = {{Henning}, T. and {Begemann}, B. and {Mutschke}, H. and {Dorschner}, J.},title = '{Optical properties of oxide dust grains.}',journal = {\\aaps},keywords = {DUST, EXTINCTION, INFRARED: STARS, ISM: LINES AND BANDS, CIRCUMSTELLAR MATTER, STARS: AGB: POST-AGB, METHODS: LABORATORY},year = 1995,month = jul,volume = {112},pages = {143},adsurl = {https://ui.adsabs.harvard.edu/abs/1995A&AS..112..143H},adsnote = {Provided by the SAO/NASA Astrophysics Data System}}"}