{"species": "feo-10k", "wavelength": [10.0342999, 10.0837002, 10.1337004, 10.1841002, 10.2349997, 10.2863998, 10.3383999, 10.3908997, 10.4439001, 10.4974003, 10.5515003, 10.6062002, 10.6615, 10.7173004, 10.7736998, 10.8306999, 10.8882999, 10.9464998, 11.0053997, 11.0649004, 11.125, 11.1857996, 11.2473001, 11.3093996, 11.3722, 11.4357996, 11.5, 11.5649996, 11.6307001, 11.6970997, 11.7643995, 11.8324003, 11.9012003, 11.9708004, 12.0411997, 12.1124001, 12.1844997, 12.2574997, 12.3312998, 12.4061003, 12.4816999, 12.5583, 12.6358004, 12.7143002, 12.7937002, 12.8741999, 12.9556999, 13.0382004, 13.1218004, 13.2065001, 13.2922001, 13.3790998, 13.4671001, 13.5563002, 13.6466999, 13.7383003, 13.8311005, 13.9252005, 14.0205002, 14.1171999, 14.2152996, 14.3147001, 14.4154997, 14.5177002, 14.6213999, 14.7265997, 14.8332996, 14.9415998, 15.0515003, 15.1630001, 15.2761002, 15.3909998, 15.5075998, 15.6260004, 15.7461996, 15.8682003, 15.9921999, 16.1180992, 16.2460003, 16.3759995, 16.5081005, 16.6422997, 16.7786999, 16.9174004, 17.0583, 17.2017002, 17.3474998, 17.4957008, 17.6466007, 17.7999992, 17.9561005, 18.1149998, 18.2768002, 18.4414005, 18.6091003, 18.7798004, 18.9536991, 19.1308002, 19.3113003, 19.4951992, 19.6826992, 19.8738003, 20.0685997, 20.2672997, 20.4699993, 20.6767998, 20.8878002, 21.1030998, 21.3229008, 21.5473995, 21.7765999, 22.0107994, 22.25, 22.4944992, 22.7444, 23.0, 23.2614002, 23.5286999, 23.8022995, 24.0823994, 24.3689995, 24.6625996, 24.9633999, 25.2716007, 25.5874996, 25.9113998, 26.2436008, 26.5844002, 26.9342003, 27.2933006, 27.6622009, 28.0410995, 28.4305992, 28.8309994, 29.2429008, 29.6667004, 30.1028996, 30.5522003, 31.0151997, 31.4923, 31.9843998, 32.4920998, 33.0161018, 33.5573997, 34.1166992, 34.6949005, 35.2930984, 35.9123001, 36.5536003, 37.2182007, 37.9073982, 38.6226006, 39.3653984, 40.1372986, 40.9399986, 41.7755013, 42.6458015, 43.5531998, 44.5, 45.4888992, 46.5227013, 47.6046982, 48.7380981, 49.9267998, 51.1749992, 52.4872017, 53.8684006, 55.3242989, 56.8610992, 58.4856987, 60.2058983, 62.0303001, 63.9687996, 66.0323029, 68.2332993, 70.5861969, 73.1071014, 75.8147964, 78.7307968, 81.8799973, 85.2917023, 89.0, 93.0455017, 97.4761963, 102.3499985, 107.7369995, 113.7220001, 120.4120026, 127.9380035, 136.4669952, 146.2140045, 157.4620056, 170.5829926, 186.0910034, 204.6999969, 227.4440002, 255.875, 292.4289856, 341.1669922, 409.3999939, 511.75], "n": [2.1714301, 2.1652999, 2.1675799, 2.16575, 2.1652, 2.1533501, 2.14766, 2.1472199, 2.1475799, 2.14691, 2.1412101, 2.1347899, 2.1317999, 2.12782, 2.1208501, 2.1159599, 2.1200399, 2.11445, 2.1156199, 2.10818, 2.1066799, 2.09951, 2.0966599, 2.08952, 2.0833299, 2.0803101, 2.07741, 2.0736699, 2.0720799, 2.06458, 2.0587101, 2.0534699, 2.05123, 2.0395801, 2.04144, 2.0427599, 2.0422299, 2.03578, 2.0211999, 2.00072, 1.99506, 1.99782, 1.9913599, 1.97496, 1.96655, 1.96623, 1.95513, 1.95235, 1.94942, 1.9422899, 1.92787, 1.91714, 1.9110301, 1.91219, 1.89355, 1.86874, 1.85666, 1.84786, 1.83814, 1.81902, 1.80742, 1.78571, 1.77026, 1.74744, 1.73226, 1.70956, 1.69029, 1.6742001, 1.66097, 1.62649, 1.58812, 1.57319, 1.57231, 1.55688, 1.541, 1.54257, 1.5389, 1.51983, 1.5023201, 1.47317, 1.44051, 1.39868, 1.34673, 1.2893699, 1.22012, 1.1421, 1.0624, 0.99373, 0.94134, 0.89391, 0.85, 0.80902, 0.76984, 0.73361, 0.70643, 0.67838, 0.65765, 0.63516, 0.61924, 0.60416, 0.59002, 0.57552, 0.56933, 0.56712, 0.56953, 0.57524, 0.59344, 0.61268, 0.63466, 0.65831, 0.69382, 0.71987, 0.74616, 0.77295, 0.81221, 0.83996, 0.8686, 0.90313, 0.95568, 0.99424, 1.0541199, 1.12783, 1.23034, 1.3169, 1.45012, 1.61171, 1.81488, 2.0002601, 2.2606499, 2.5557301, 2.8878, 3.1919301, 3.58551, 3.9319899, 4.36164, 4.7730298, 5.3172498, 5.6646099, 5.9709201, 6.13555, 6.21557, 6.13903, 6.05161, 5.9446101, 5.8745098, 5.7474699, 5.7059002, 5.59759, 5.5481601, 5.4774399, 5.44801, 5.3748102, 5.2596998, 5.1815901, 5.1226101, 5.0164199, 4.9488201, 4.89923, 4.8703599, 4.7954702, 4.7550001, 4.7355399, 4.7251701, 4.6571398, 4.60114, 4.5560198, 4.5341702, 4.4751, 4.4460502, 4.4198799, 4.4263, 4.3863902, 4.3744602, 4.3682399, 4.3798399, 4.3622899, 4.3921199, 4.4087501, 4.4435802, 4.4632702, 4.5023599, 4.5524502, 4.5416298, 4.5032802, 4.4973402, 4.4664302, 4.44625, 4.42767, 4.4055099, 4.3934102, 4.4025998, 4.3848801, 4.4050002, 4.3872399, 4.41255, 4.3882999, 4.4154401, 4.37642, 4.4135399, 4.3512802, 4.4047298], "k": [0.09397, 0.10205, 0.1008, 0.102, 0.09461, 0.09399, 0.09936, 0.1049, 0.1039, 0.10341, 0.09807, 0.10245, 0.10156, 0.1042, 0.10194, 0.1129, 0.11063, 0.11279, 0.11029, 0.11038, 0.10986, 0.11008, 0.1106, 0.11042, 0.11344, 0.11779, 0.11738, 0.12078, 0.11805, 0.11837, 0.11879, 0.12372, 0.12088, 0.12533, 0.13275, 0.13073, 0.12533, 0.11657, 0.10871, 0.11413, 0.12799, 0.12959, 0.1223, 0.12281, 0.13366, 0.13466, 0.13497, 0.14165, 0.13806, 0.13423, 0.13096, 0.13702, 0.1401, 0.1365, 0.11891, 0.12687, 0.13248, 0.1395, 0.13277, 0.13663, 0.13461, 0.13706, 0.13889, 0.144, 0.14964, 0.15371, 0.16391, 0.17327, 0.17312, 0.17019, 0.19379, 0.22727, 0.24257, 0.24807, 0.26729, 0.28102, 0.27315, 0.26758, 0.26073, 0.24998, 0.24316, 0.23254, 0.22939, 0.2296, 0.23664, 0.25867, 0.3005, 0.36113, 0.42528, 0.48769, 0.5523, 0.61884, 0.68768, 0.76339, 0.83923, 0.91568, 0.9948, 1.07277, 1.15666, 1.2365201, 1.32142, 1.40925, 1.50547, 1.5985399, 1.69705, 1.79632, 1.89976, 1.99307, 2.09184, 2.18856, 2.2864299, 2.3712101, 2.4707201, 2.5692101, 2.67484, 2.7682099, 2.88625, 3.0076201, 3.1382101, 3.2636499, 3.42537, 3.57956, 3.7448201, 3.9003, 4.1058002, 4.2792401, 4.4568801, 4.6080599, 4.8073702, 4.9320898, 5.0328202, 5.1006899, 5.1536698, 5.1402502, 5.1126699, 5.0320601, 4.8058, 4.4237399, 4.0079598, 3.57564, 3.08742, 2.72716, 2.3949101, 2.21049, 1.95649, 1.84016, 1.66374, 1.55884, 1.42916, 1.35144, 1.2177401, 1.1043299, 0.98066, 0.96817, 0.85317, 0.83351, 0.78407, 0.79958, 0.72151, 0.7184, 0.68546, 0.70407, 0.61786, 0.60245, 0.55856, 0.59293, 0.54248, 0.56706, 0.54915, 0.59903, 0.5626, 0.5875, 0.57734, 0.62662, 0.59301, 0.64074, 0.62594, 0.6608, 0.61805, 0.64313, 0.58783, 0.58367, 0.44414, 0.47601, 0.38875, 0.42527, 0.35148, 0.4126, 0.33542, 0.43336, 0.34303, 0.44598, 0.34922, 0.46436, 0.35227, 0.49136, 0.36169, 0.54939, 0.40528, 0.68144, 0.51733], "formula": "feo-10k", "density": 5.7, "temperature": 10.0, "stype": "crystalline oxides", "origin": "HYBRID", "citation": "@ARTICLE{1995A&AS..112..143H,author = {{Henning}, T. and {Begemann}, B. and {Mutschke}, H. and {Dorschner}, J.},title = '{Optical properties of oxide dust grains.}',journal = {\\aaps},keywords = {DUST, EXTINCTION, INFRARED: STARS, ISM: LINES AND BANDS, CIRCUMSTELLAR MATTER, STARS: AGB: POST-AGB, METHODS: LABORATORY},year = 1995,month = jul,volume = {112},pages = {143},adsurl = {https://ui.adsabs.harvard.edu/abs/1995A&AS..112..143H},adsnote = {Provided by the SAO/NASA Astrophysics Data System}}"}