{"species": "feo-100k", "wavelength": [10.0342999, 10.0837002, 10.1337004, 10.1841002, 10.2349997, 10.2863998, 10.3383999, 10.3908997, 10.4439001, 10.4974003, 10.5515003, 10.6062002, 10.6615, 10.7173004, 10.7736998, 10.8306999, 10.8882999, 10.9464998, 11.0053997, 11.0649004, 11.125, 11.1857996, 11.2473001, 11.3093996, 11.3722, 11.4357996, 11.5, 11.5649996, 11.6307001, 11.6970997, 11.7643995, 11.8324003, 11.9012003, 11.9708004, 12.0411997, 12.1124001, 12.1844997, 12.2574997, 12.3312998, 12.4061003, 12.4816999, 12.5583, 12.6358004, 12.7143002, 12.7937002, 12.8741999, 12.9556999, 13.0382004, 13.1218004, 13.2065001, 13.2922001, 13.3790998, 13.4671001, 13.5563002, 13.6466999, 13.7383003, 13.8311005, 13.9252005, 14.0205002, 14.1171999, 14.2152996, 14.3147001, 14.4154997, 14.5177002, 14.6213999, 14.7265997, 14.8332996, 14.9415998, 15.0515003, 15.1630001, 15.2761002, 15.3909998, 15.5075998, 15.6260004, 15.7461996, 15.8682003, 15.9921999, 16.1180992, 16.2460003, 16.3759995, 16.5081005, 16.6422997, 16.7786999, 16.9174004, 17.0583, 17.2017002, 17.3474998, 17.4957008, 17.6466007, 17.7999992, 17.9561005, 18.1149998, 18.2768002, 18.4414005, 18.6091003, 18.7798004, 18.9536991, 19.1308002, 19.3113003, 19.4951992, 19.6826992, 19.8738003, 20.0685997, 20.2672997, 20.4699993, 20.6767998, 20.8878002, 21.1030998, 21.3229008, 21.5473995, 21.7765999, 22.0107994, 22.25, 22.4944992, 22.7444, 23.0, 23.2614002, 23.5286999, 23.8022995, 24.0823994, 24.3689995, 24.6625996, 24.9633999, 25.2716007, 25.5874996, 25.9113998, 26.2436008, 26.5844002, 26.9342003, 27.2933006, 27.6622009, 28.0410995, 28.4305992, 28.8309994, 29.2429008, 29.6667004, 30.1028996, 30.5522003, 31.0151997, 31.4923, 31.9843998, 32.4920998, 33.0161018, 33.5573997, 34.1166992, 34.6949005, 35.2930984, 35.9123001, 36.5536003, 37.2182007, 37.9073982, 38.6226006, 39.3653984, 40.1372986, 40.9399986, 41.7755013, 42.6458015, 43.5531998, 44.5, 45.4888992, 46.5227013, 47.6046982, 48.7380981, 49.9267998, 51.1749992, 52.4872017, 53.8684006, 55.3242989, 56.8610992, 58.4856987, 60.2058983, 62.0303001, 63.9687996, 66.0323029, 68.2332993, 70.5861969, 73.1071014, 75.8147964, 78.7307968, 81.8799973, 85.2917023, 89.0, 93.0455017, 97.4761963, 102.3499985, 107.7369995, 113.7220001, 120.4120026, 127.9380035, 136.4669952, 146.2140045, 157.4620056, 170.5829926, 186.0910034, 204.6999969, 227.4440002, 255.875, 292.4289856, 341.1669922, 409.3999939, 511.75], "n": [2.20085, 2.19646, 2.1997001, 2.1979301, 2.18981, 2.17959, 2.1761899, 2.17487, 2.1726601, 2.1709499, 2.16291, 2.15448, 2.15484, 2.1528001, 2.1440201, 2.13853, 2.1396899, 2.13784, 2.13463, 2.1317401, 2.1328001, 2.1322601, 2.1257401, 2.1210001, 2.11831, 2.1185999, 2.1175499, 2.1167901, 2.1113999, 2.1085801, 2.0958099, 2.0859699, 2.0748899, 2.0650899, 2.0555601, 2.0569799, 2.0576501, 2.0554199, 2.04126, 2.02652, 2.0223501, 2.0081899, 2.0014999, 2.00403, 1.99835, 1.99248, 1.98017, 1.97895, 1.96285, 1.96065, 1.95376, 1.93424, 1.92463, 1.9268, 1.9258, 1.9045399, 1.8908, 1.8751301, 1.86279, 1.83605, 1.82435, 1.80989, 1.79291, 1.76131, 1.74396, 1.73317, 1.7128201, 1.69208, 1.6689399, 1.63402, 1.59238, 1.58214, 1.5887001, 1.5781699, 1.55346, 1.54457, 1.54452, 1.52588, 1.50765, 1.48248, 1.45421, 1.41866, 1.37386, 1.31797, 1.25227, 1.1741, 1.09527, 1.02345, 0.96378, 0.90858, 0.85777, 0.81899, 0.77863, 0.74404, 0.71585, 0.6881, 0.6671, 0.64597, 0.62886, 0.61359, 0.59944, 0.58573, 0.5769, 0.57299, 0.57416, 0.57886, 0.59181, 0.60876, 0.62983, 0.65158, 0.68099, 0.70721, 0.73429, 0.75889, 0.79161, 0.82152, 0.85001, 0.88074, 0.92756, 0.97017, 1.02554, 1.09095, 1.18497, 1.27303, 1.38886, 1.52976, 1.7109801, 1.8837399, 2.09782, 2.3631999, 2.68311, 3.0018201, 3.3889999, 3.7746899, 4.2248602, 4.6441698, 5.1761699, 5.5944099, 5.9468098, 6.1729298, 6.32024, 6.31355, 6.2205701, 6.1129899, 6.0561099, 5.9351201, 5.8723898, 5.7637801, 5.71387, 5.62918, 5.5770602, 5.5120902, 5.39639, 5.3088298, 5.2439699, 5.1475301, 5.0733199, 5.0102901, 4.9755902, 4.9047599, 4.8545299, 4.8288798, 4.8267202, 4.7743702, 4.7182202, 4.6735601, 4.6607099, 4.6061201, 4.5604601, 4.5307598, 4.54884, 4.5097799, 4.48243, 4.4794998, 4.49716, 4.4780102, 4.4954901, 4.5123601, 4.5402899, 4.54952, 4.5732398, 4.6290202, 4.6062002, 4.5507498, 4.5427198, 4.5292902, 4.50846, 4.4864502, 4.4823799, 4.4721498, 4.4903102, 4.4798899, 4.5001402, 4.4866199, 4.5092702, 4.4894099, 4.5144701, 4.48034, 4.5060802, 4.44028, 4.48243], "k": [0.09964, 0.10565, 0.10518, 0.09932, 0.09407, 0.09701, 0.10222, 0.10404, 0.10433, 0.10285, 0.09945, 0.10573, 0.11004, 0.10786, 0.1078, 0.11577, 0.11942, 0.1198, 0.12102, 0.12427, 0.12649, 0.12292, 0.12145, 0.12393, 0.12698, 0.12787, 0.12667, 0.12266, 0.11906, 0.11361, 0.10741, 0.10924, 0.1092, 0.11388, 0.12093, 0.12986, 0.12661, 0.12172, 0.11254, 0.1208, 0.12227, 0.12441, 0.1367, 0.13912, 0.1368, 0.13471, 0.1366, 0.13794, 0.13425, 0.14482, 0.13202, 0.13708, 0.14471, 0.15363, 0.1367, 0.13266, 0.13077, 0.1337, 0.12705, 0.13032, 0.13822, 0.13829, 0.13428, 0.13763, 0.15554, 0.15855, 0.1607, 0.16499, 0.16736, 0.17019, 0.19787, 0.23956, 0.25371, 0.25252, 0.26209, 0.28453, 0.2833, 0.27896, 0.27628, 0.27105, 0.26545, 0.25762, 0.24948, 0.24629, 0.24878, 0.26563, 0.30254, 0.35511, 0.41582, 0.47713, 0.54822, 0.61894, 0.68878, 0.76621, 0.84136, 0.91923, 0.99834, 1.07652, 1.15864, 1.23939, 1.32335, 1.4099, 1.50314, 1.59697, 1.69416, 1.7920001, 1.8934, 1.99014, 2.0882001, 2.1842201, 2.2823701, 2.3728099, 2.4702499, 2.56723, 2.6736701, 2.77244, 2.88557, 3.0060501, 3.13762, 3.2652199, 3.4166601, 3.5702701, 3.73543, 3.8887501, 4.0787201, 4.2558699, 4.4382701, 4.5933399, 4.7961202, 4.9681101, 5.1167402, 5.22298, 5.3154602, 5.34514, 5.3268199, 5.25315, 5.0867901, 4.7494302, 4.3499498, 3.92032, 3.43559, 3.00668, 2.62164, 2.41098, 2.1444099, 1.98051, 1.79138, 1.67164, 1.53137, 1.42314, 1.30287, 1.18576, 1.0575, 1.02966, 0.9289, 0.89625, 0.83985, 0.84495, 0.78323, 0.76991, 0.74217, 0.76292, 0.69826, 0.66959, 0.62484, 0.6513, 0.60722, 0.60602, 0.5887, 0.64079, 0.61306, 0.61205, 0.61008, 0.65739, 0.62805, 0.65313, 0.6466, 0.67008, 0.63286, 0.64086, 0.60898, 0.59582, 0.4655, 0.49357, 0.449, 0.47769, 0.41763, 0.47634, 0.42709, 0.50114, 0.44229, 0.51475, 0.44769, 0.53253, 0.45762, 0.56499, 0.48297, 0.63082, 0.55077, 0.78919, 0.75475], "formula": "feo-100k", "density": 5.7, "temperature": 100.0, "stype": "crystalline oxides", "origin": "HYBRID", "citation": "@ARTICLE{1995A&AS..112..143H,author = {{Henning}, T. and {Begemann}, B. and {Mutschke}, H. and {Dorschner}, J.},title = '{Optical properties of oxide dust grains.}',journal = {\\aaps},keywords = {DUST, EXTINCTION, INFRARED: STARS, ISM: LINES AND BANDS, CIRCUMSTELLAR MATTER, STARS: AGB: POST-AGB, METHODS: LABORATORY},year = 1995,month = jul,volume = {112},pages = {143},adsurl = {https://ui.adsabs.harvard.edu/abs/1995A&AS..112..143H},adsnote = {Provided by the SAO/NASA Astrophysics Data System}}"}