{"species": "feo-300k", "wavelength": [10.0342999, 10.0837002, 10.1337004, 10.1841002, 10.2349997, 10.2863998, 10.3383999, 10.3908997, 10.4439001, 10.4974003, 10.5515003, 10.6062002, 10.6615, 10.7173004, 10.7736998, 10.8306999, 10.8882999, 10.9464998, 11.0053997, 11.0649004, 11.125, 11.1857996, 11.2473001, 11.3093996, 11.3722, 11.4357996, 11.5, 11.5649996, 11.6307001, 11.6970997, 11.7643995, 11.8324003, 11.9012003, 11.9708004, 12.0411997, 12.1124001, 12.1844997, 12.2574997, 12.3312998, 12.4061003, 12.4816999, 12.5583, 12.6358004, 12.7143002, 12.7937002, 12.8741999, 12.9556999, 13.0382004, 13.1218004, 13.2065001, 13.2922001, 13.3790998, 13.4671001, 13.5563002, 13.6466999, 13.7383003, 13.8311005, 13.9252005, 14.0205002, 14.1171999, 14.2152996, 14.3147001, 14.4154997, 14.5177002, 14.6213999, 14.7265997, 14.8332996, 14.9415998, 15.0515003, 15.1630001, 15.2761002, 15.3909998, 15.5075998, 15.6260004, 15.7461996, 15.8682003, 15.9921999, 16.1180992, 16.2460003, 16.3759995, 16.5081005, 16.6422997, 16.7786999, 16.9174004, 17.0583, 17.2017002, 17.3474998, 17.4957008, 17.6466007, 17.7999992, 17.9561005, 18.1149998, 18.2768002, 18.4414005, 18.6091003, 18.7798004, 18.9536991, 19.1308002, 19.3113003, 19.4951992, 19.6826992, 19.8738003, 20.0685997, 20.2672997, 20.4699993, 20.6767998, 20.8878002, 21.1030998, 21.3229008, 21.5473995, 21.7765999, 22.0107994, 22.25, 22.4944992, 22.7444, 23.0, 23.2614002, 23.5286999, 23.8022995, 24.0823994, 24.3689995, 24.6625996, 24.9633999, 25.2716007, 25.5874996, 25.9113998, 26.2436008, 26.5844002, 26.9342003, 27.2933006, 27.6622009, 28.0410995, 28.4305992, 28.8309994, 29.2429008, 29.6667004, 30.1028996, 30.5522003, 31.0151997, 31.4923, 31.9843998, 32.4920998, 33.0161018, 33.5573997, 34.1166992, 34.6949005, 35.2930984, 35.9123001, 36.5536003, 37.2182007, 37.9073982, 38.6226006, 39.3653984, 40.1372986, 40.9399986, 41.7755013, 42.6458015, 43.5531998, 44.5, 45.4888992, 46.5227013, 47.6046982, 48.7380981, 49.9267998, 51.1749992, 52.4872017, 53.8684006, 55.3242989, 56.8610992, 58.4856987, 60.2058983, 62.0303001, 63.9687996, 66.0323029, 68.2332993, 70.5861969, 73.1071014, 75.8147964, 78.7307968, 81.8799973, 85.2917023, 89.0, 93.0455017, 97.4761963, 102.3499985, 107.7369995, 113.7220001, 120.4120026, 127.9380035, 136.4669952, 146.2140045, 157.4620056, 170.5829926, 186.0910034, 204.6999969, 227.4440002, 255.875, 292.4289856, 341.1669922, 409.3999939, 511.75], "n": [2.4519401, 2.4498301, 2.4484401, 2.44152, 2.4412601, 2.4372399, 2.4333999, 2.43168, 2.4271901, 2.4253299, 2.4217701, 2.4169199, 2.4163001, 2.41451, 2.4070001, 2.4017899, 2.4028699, 2.3986001, 2.3947999, 2.38587, 2.38516, 2.38149, 2.37585, 2.3703401, 2.3676901, 2.3635299, 2.35725, 2.35373, 2.3470399, 2.34026, 2.33587, 2.3298199, 2.3233199, 2.3183899, 2.3176701, 2.31616, 2.3071401, 2.3022699, 2.29357, 2.28371, 2.27617, 2.2670901, 2.2590001, 2.2493701, 2.2372999, 2.2361801, 2.2198501, 2.21172, 2.20314, 2.1963799, 2.18431, 2.1695099, 2.1606801, 2.15007, 2.1407101, 2.12356, 2.11519, 2.10642, 2.09776, 2.0798199, 2.06935, 2.0552101, 2.0434301, 2.02718, 2.0079801, 1.9924099, 1.97387, 1.95222, 1.93257, 1.91733, 1.88957, 1.87069, 1.85119, 1.83399, 1.81042, 1.80027, 1.78846, 1.76581, 1.75379, 1.7384599, 1.72155, 1.70236, 1.68215, 1.64797, 1.61008, 1.56845, 1.52232, 1.47188, 1.41773, 1.36201, 1.30349, 1.2467099, 1.1962399, 1.15107, 1.11457, 1.0858901, 1.06326, 1.04356, 1.02872, 1.01547, 1.00361, 0.9946, 0.98955, 0.98809, 0.98948, 0.99425, 1.00293, 1.01337, 1.02641, 1.04296, 1.0653, 1.08729, 1.1114399, 1.13737, 1.16997, 1.20452, 1.23927, 1.2802, 1.3294801, 1.3815399, 1.44426, 1.5145, 1.6029201, 1.69575, 1.80205, 1.92179, 2.06706, 2.2228, 2.39097, 2.5957999, 2.83108, 3.09619, 3.38573, 3.7133999, 4.1073899, 4.5121002, 4.9402299, 5.3475399, 5.7223001, 6.0227599, 6.1984, 6.3271899, 6.3284998, 6.2747698, 6.2180099, 6.1316199, 6.0510802, 5.9128399, 5.8340902, 5.7586498, 5.6723099, 5.58074, 5.4603701, 5.3997102, 5.33009, 5.2388101, 5.1765399, 5.12398, 5.0692101, 4.9980798, 4.9514799, 4.91992, 4.8856702, 4.8341098, 4.79497, 4.7611799, 4.7340798, 4.6908102, 4.6581502, 4.62394, 4.6205401, 4.5960898, 4.5757098, 4.5648999, 4.5595298, 4.54246, 4.5388899, 4.5274301, 4.5160198, 4.51829, 4.50735, 4.5352201, 4.51372, 4.49687, 4.5057802, 4.50804, 4.5148802, 4.5510602, 4.5809498, 4.6396399, 4.7005901, 4.7274799, 4.7969198, 4.8296599, 4.8972301, 4.9433198, 4.9871602, 5.07897, 5.1345301, 5.1863098, 5.36836], "k": [0.08929, 0.09192, 0.08919, 0.09122, 0.09369, 0.09257, 0.09539, 0.0961, 0.0969, 0.09936, 0.09822, 0.10159, 0.10346, 0.10187, 0.10022, 0.10693, 0.10733, 0.10677, 0.10514, 0.10761, 0.11219, 0.1102, 0.11158, 0.11353, 0.1164, 0.115, 0.11717, 0.11794, 0.1178, 0.12066, 0.12314, 0.12402, 0.12742, 0.13158, 0.13558, 0.13134, 0.13023, 0.13061, 0.12815, 0.12996, 0.1318, 0.13255, 0.13562, 0.13452, 0.14225, 0.14292, 0.14108, 0.15017, 0.15108, 0.15538, 0.15173, 0.15969, 0.16339, 0.16954, 0.16945, 0.17592, 0.18438, 0.18935, 0.18928, 0.1925, 0.19997, 0.20248, 0.20826, 0.20782, 0.21552, 0.22097, 0.22678, 0.2331, 0.24731, 0.25275, 0.26326, 0.28085, 0.29524, 0.30985, 0.32674, 0.35083, 0.3565, 0.3728, 0.38849, 0.39885, 0.40744, 0.41591, 0.41756, 0.41855, 0.42743, 0.43812, 0.45372, 0.47398, 0.50182, 0.5367, 0.58024, 0.63607, 0.70022, 0.77137, 0.84824, 0.92644, 1.0043, 1.08225, 1.16113, 1.23853, 1.31874, 1.4009, 1.48569, 1.57069, 1.6574, 1.7452101, 1.83386, 1.92246, 2.0136399, 2.10691, 2.2002699, 2.2920499, 2.3880501, 2.48647, 2.5894201, 2.68981, 2.79719, 2.9108, 3.0276301, 3.1481099, 3.27634, 3.4086399, 3.54563, 3.67764, 3.82113, 3.9644799, 4.1138301, 4.2467799, 4.3973498, 4.5441799, 4.6820998, 4.7997398, 4.9009199, 4.99194, 5.0314798, 4.9931202, 4.8887801, 4.6841202, 4.4068899, 4.0303798, 3.63919, 3.2509601, 2.8452101, 2.5560501, 2.2755101, 2.05935, 1.8358001, 1.6777, 1.5684, 1.43748, 1.32344, 1.2117, 1.14097, 1.10663, 1.0222, 0.98671, 0.95449, 0.929, 0.88229, 0.86655, 0.85853, 0.85128, 0.81834, 0.80726, 0.79806, 0.80083, 0.78433, 0.78476, 0.78525, 0.80711, 0.81578, 0.8149, 0.8286, 0.84562, 0.85043, 0.86228, 0.8773, 0.88512, 0.90949, 0.92653, 0.95404, 0.97652, 0.96561, 1.0211, 1.05322, 1.10224, 1.15277, 1.2243299, 1.26404, 1.3467799, 1.3512, 1.42366, 1.45446, 1.52703, 1.58101, 1.67098, 1.76273, 1.9469, 2.0416801, 2.4344101, 2.70661], "formula": "feo-300k", "density": 5.7, "temperature": 300.0, "stype": "crystalline oxides", "origin": "HYBRID", "citation": "@ARTICLE{1995A&AS..112..143H,author = {{Henning}, T. and {Begemann}, B. and {Mutschke}, H. and {Dorschner}, J.},title = '{Optical properties of oxide dust grains.}',journal = {\\aaps},keywords = {DUST, EXTINCTION, INFRARED: STARS, ISM: LINES AND BANDS, CIRCUMSTELLAR MATTER, STARS: AGB: POST-AGB, METHODS: LABORATORY},year = 1995,month = jul,volume = {112},pages = {143},adsurl = {https://ui.adsabs.harvard.edu/abs/1995A&AS..112..143H},adsnote = {Provided by the SAO/NASA Astrophysics Data System}}"}