{"species": "fes-278k-hi", "wavelength": [0.1, 0.105, 0.125, 0.14, 0.155, 0.175, 0.2, 0.22, 0.25, 0.3, 0.3175, 0.35, 0.4, 0.45, 0.53, 0.57, 0.65, 0.73, 0.85, 1.0, 1.15, 1.3, 1.35, 1.4, 1.53, 1.65, 1.8, 1.9, 2.0, 2.15, 2.27, 2.35, 2.5, 2.75, 2.9, 3.1, 3.35, 3.5, 3.75, 4.0, 4.52, 4.8, 5.0, 5.3, 5.6, 5.9, 6.75, 7.55, 8.25, 8.7, 9.0, 9.3, 9.75, 10.0, 10.5, 11.0, 11.4, 12.0, 12.7, 13.5, 15.0, 16.5, 18.0, 19.0, 20.0, 21.0, 23.0, 25.0, 26.5, 27.5, 29.5, 31.5, 33.1, 34.5, 36.0, 37.0, 38.5, 40.0, 42.0, 43.35, 45.54, 50.0, 60.0, 70.0, 85.0, 100.0, 106.0, 110.0, 115.0, 120.0, 127.0, 133.0, 141.0, 145.0, 150.0, 155.0, 200.0, 250.0, 350.0, 450.0, 500.0, 600.0, 800.0, 1000.0, 1300.0, 1500.0, 2000.0, 2600.0, 3000.0, 5700.0, 9600.0, 30000.0, 100000.0], "n": [4.2529, 4.2937, 4.4103, 4.4843, 4.5454, 4.6043, 4.6646, 4.7173, 4.7963, 4.8921, 4.9146, 4.9501, 5.0163, 5.1084, 5.2283, 5.2565, 5.2841, 5.3606, 5.6482, 6.0533, 6.3014, 6.4175, 6.4419, 6.4665, 6.5815, 6.9274, 7.814, 8.5848, 9.0632, 10.007, 9.9219, 9.4419, 9.2406, 8.7583, 8.5973, 8.3909, 8.2098, 8.1413, 8.0585, 7.9979, 7.9093, 7.8755, 7.8557, 7.831, 7.8109, 7.794, 7.7577, 7.7354, 7.7233, 7.7178, 7.7144, 7.7112, 7.7062, 7.7035, 7.6979, 7.6927, 7.6889, 7.6837, 7.6784, 7.6729, 7.6611, 7.6461, 7.6268, 7.6156, 7.5852, 7.5737, 7.6076, 7.7227, 7.6406, 7.4864, 7.3721, 6.6838, 6.9504, 7.8087, 7.4934, 6.4834, 7.4327, 9.308, 8.2264, 8.3999, 9.4519, 9.2043, 9.3292, 8.8634, 8.6498, 8.4669, 8.4248, 8.4018, 8.3796, 8.3622, 8.3438, 8.3316, 8.3188, 8.3138, 8.3092, 8.3066, 8.3503, 8.4255, 8.577, 8.831, 8.9678, 9.2487, 9.7923, 10.256, 10.733, 10.926, 11.413, 12.163, 12.559, 15.216, 20.771, 66.327, 362.5], "k": [0.75934, 0.77511, 0.82966, 0.85835, 0.87669, 0.89986, 0.94377, 0.98151, 1.0235, 1.0721, 1.0916, 1.1385, 1.2336, 1.3169, 1.3896, 1.4272, 1.5591, 1.7731, 2.057, 2.1684, 2.1741, 2.2411, 2.296, 2.3724, 2.697, 3.1338, 3.4797, 3.3586, 2.9104, 2.3836, 0.9199, 0.7864, 0.46917, 0.2173, 0.13359, 0.070786, 0.070886, 0.078433, 0.086911, 0.092078, 0.10208, 0.10843, 0.1131, 0.12002, 0.1266, 0.13302, 0.15208, 0.17219, 0.18926, 0.19898, 0.20496, 0.21071, 0.21915, 0.22388, 0.2337, 0.24405, 0.25259, 0.26565, 0.28094, 0.29805, 0.32918, 0.36198, 0.399, 0.42569, 0.45333, 0.52466, 0.60128, 0.62867, 0.45639, 0.48932, 0.57473, 0.75867, 1.9236, 1.7312, 1.0268, 1.3523, 3.7137, 2.3598, 1.642, 2.4821, 1.9478, 1.3858, 0.64764, 0.52177, 0.57372, 0.72666, 0.80034, 0.85137, 0.91499, 0.97767, 1.0636, 1.1359, 1.2314, 1.2794, 1.3397, 1.4001, 1.9117, 2.3939, 3.3773, 4.2921, 4.7176, 5.5172, 6.9465, 8.2125, 9.9723, 11.164, 14.35, 18.009, 20.324, 36.815, 58.616, 164.9, 300.0], "formula": "fes-278k-hi", "density": 4.83, "temperature": 298.0, "stype": "crystalline sulfides", "origin": "LABORATORY", "citation": "@ARTICLE{1996A&A...311..291H,author = {{Henning}, T. and {Stognienko}, R.},title = '{Dust opacities for protoplanetary accretion disks: influence of dust aggregates.}',journal = {\\aap},keywords = {DUST, EXTINCTION, ACCRETION, ACCRETION DISKS, SOLAR SYSTEM: FORMATION},year = 1996,month = jul,volume = {311},pages = {291-303},adsurl = {https://ui.adsabs.harvard.edu/abs/1996A&A...311..291H},adsnote = {Provided by the SAO/NASA Astrophysics Data System}}"}