{"species": "mg-jena", "wavelength": [0.2, 0.25, 0.3, 0.35, 0.4, 0.45, 0.5, 0.6, 0.7, 0.8, 0.9, 1.0, 1.2, 1.4, 1.6, 1.8, 2.0, 2.5, 3.0, 3.5, 4.0, 4.5, 5.0, 6.0, 7.0, 8.0, 8.3551, 8.38934, 8.42387, 8.45868, 8.49378, 8.52917, 8.56485, 8.60084, 8.63713, 8.67373, 8.71064, 8.74786, 8.78541, 8.82328, 8.86147, 8.9, 8.93886, 8.97807, 9.01762, 9.05752, 9.09778, 9.13839, 9.17937, 9.22072, 9.26244, 9.30455, 9.34703, 9.38991, 9.43318, 9.47685, 9.52093, 9.56542, 9.61033, 9.65566, 9.70142, 9.74762, 9.79426, 9.84135, 9.88889, 9.93689, 9.98537, 10.0343, 10.0837, 10.1337, 10.1841, 10.235, 10.2864, 10.3384, 10.3909, 10.4439, 10.4974, 10.5515, 10.6062, 10.6615, 10.7173, 10.7737, 10.8307, 10.8883, 10.9465, 11.0054, 11.0649, 11.125, 11.1858, 11.2473, 11.3094, 11.3722, 11.4358, 11.5, 11.565, 11.6307, 11.6971, 11.7644, 11.8324, 11.9012, 11.9708, 12.0412, 12.1124, 12.1845, 12.2575, 12.3313, 12.4061, 12.4817, 12.5583, 12.6358, 12.7143, 12.7937, 12.8742, 12.9557, 13.0382, 13.1218, 13.2065, 13.2922, 13.3791, 13.4671, 13.5563, 13.6467, 13.7383, 13.8311, 13.9252, 14.0205, 14.1172, 14.2153, 14.3147, 14.4155, 14.5177, 14.6214, 14.7266, 14.8333, 14.9416, 15.0515, 15.163, 15.2761, 15.391, 15.5076, 15.626, 15.7462, 15.8682, 15.9922, 16.1181, 16.246, 16.376, 16.5081, 16.6423, 16.7787, 16.9174, 17.0583, 17.2017, 17.3475, 17.4957, 17.6466, 17.8, 17.9561, 18.115, 18.2768, 18.4414, 18.6091, 18.7798, 18.9537, 19.1308, 19.3113, 19.4952, 19.6827, 19.8738, 20.0686, 20.2673, 20.47, 20.6768, 20.8878, 21.1031, 21.3229, 21.5474, 21.7766, 22.0108, 22.25, 22.4945, 22.7444, 23.0, 23.2614, 23.5287, 23.8023, 24.0824, 24.369, 24.6626, 24.9634, 25.2716, 25.5875, 25.9114, 26.2436, 26.5844, 26.9342, 27.2933, 27.6622, 28.0411, 28.4306, 28.831, 29.2429, 29.6667, 30.1029, 30.5522, 31.0152, 31.4923, 31.9844, 32.4921, 33.0161, 33.5574, 34.1167, 34.6949, 35.2931, 35.9123, 36.5536, 37.2182, 37.9074, 38.6226, 39.3654, 40.1373, 40.94, 41.7755, 42.6458, 43.5532, 44.5, 45.4889, 46.5227, 47.6047, 48.7381, 49.9268, 51.175, 52.4872, 53.8684, 55.3243, 56.8611, 58.4857, 60.2059, 62.0303, 63.9688, 66.0323, 68.2333, 70.5862, 73.1071, 75.8148, 78.7308, 81.88, 85.2917, 89.0, 93.0455, 97.4762, 102.35, 107.737, 113.722, 120.412, 127.938, 136.467, 146.214, 157.462, 170.583, 186.091, 204.7, 227.444, 255.875, 292.429, 341.167, 409.4, 511.75], "n": [1.69732, 1.69664, 1.69596, 1.69527, 1.69458, 1.69388, 1.69317, 1.69175, 1.69031, 1.68885, 1.68737, 1.68587, 1.6828, 1.67964, 1.67639, 1.67304, 1.66959, 1.66048, 1.65062, 1.63992, 1.62826, 1.6155, 1.60149, 1.56887, 1.52825, 1.47627, 1.45434, 1.4542, 1.44716, 1.44624, 1.44545, 1.44097, 1.43658, 1.43342, 1.43173, 1.42743, 1.42801, 1.42609, 1.4213, 1.41514, 1.41379, 1.41167, 1.40856, 1.40397, 1.41129, 1.39672, 1.39628, 1.38946, 1.38398, 1.38445, 1.37571, 1.37175, 1.3669, 1.3648, 1.36193, 1.3553, 1.35208, 1.34572, 1.34416, 1.33477, 1.33056, 1.32649, 1.31798, 1.31126, 1.31291, 1.30377, 1.29855, 1.29412, 1.28601, 1.27838, 1.27324, 1.26833, 1.26372, 1.25115, 1.24885, 1.24041, 1.22885, 1.22589, 1.2134, 1.20529, 1.2062, 1.18579, 1.17739, 1.17133, 1.16029, 1.14597, 1.14015, 1.13163, 1.12434, 1.1044, 1.09999, 1.09722, 1.0807, 1.05779, 1.06715, 1.04121, 1.03996, 1.01931, 1.02445, 1.00885, 0.98383, 0.97717, 0.94771, 0.93826, 0.9155, 0.9013, 0.87224, 0.85345, 0.82925, 0.79887, 0.77081, 0.74539, 0.71976, 0.68654, 0.65472, 0.61695, 0.57776, 0.53389, 0.48166, 0.42504, 0.36035, 0.29298, 0.22755, 0.18118, 0.15328, 0.13982, 0.13105, 0.12696, 0.12413, 0.12492, 0.12498, 0.127, 0.12963, 0.13383, 0.13624, 0.14153, 0.14626, 0.15097, 0.15435, 0.15683, 0.14723, 0.13217, 0.11851, 0.10973, 0.10222, 0.09574, 0.09096, 0.08556, 0.08305, 0.0782, 0.07628, 0.07312, 0.07393, 0.07375, 0.07847, 0.07838, 0.08117, 0.07731, 0.0758, 0.06958, 0.06913, 0.06544, 0.06482, 0.06281, 0.06827, 0.07137, 0.07675, 0.07769, 0.07513, 0.07885, 0.09093, 0.09109, 0.10754, 0.12005, 0.14559, 0.15295, 0.19243, 0.22806, 0.28453, 0.37817, 0.50756, 0.69342, 0.93016, 1.27477, 1.71546, 2.31579, 3.04093, 4.25188, 5.74198, 7.94249, 9.39255, 10.3792, 9.72777, 8.97221, 8.0338, 7.39709, 6.8586, 6.47785, 6.12804, 5.83138, 5.58841, 5.37422, 5.18017, 5.04481, 4.87076, 4.75365, 4.63502, 4.53509, 4.43729, 4.35631, 4.27783, 4.2179, 4.14744, 4.09331, 4.02418, 3.99292, 3.92522, 3.89774, 3.85717, 3.78842, 3.75751, 3.70819, 3.68257, 3.6662, 3.61315, 3.6049, 3.57544, 3.55537, 3.50594, 3.50929, 3.47748, 3.4465, 3.42611, 3.40904, 3.37162, 3.37165, 3.36418, 3.3234, 3.3293, 3.30816, 3.29511, 3.2911, 3.26687, 3.29148, 3.25496, 3.23904, 3.23958, 3.24513, 3.22751, 3.23486, 3.24187, 3.22685, 3.20873, 3.20037, 3.18975, 3.19113, 3.17325, 3.17142, 3.16836, 3.15427, 3.14735, 3.15563, 3.14298, 3.152, 3.1592, 3.15417, 3.19511, 3.16201], "k": [0.0, 0.0, 0.0, 0.0, 0.0, 0.0, 0.0, 0.0, 0.0, 0.0, 0.0, 0.0, 0.0, 0.0, 0.0, 0.0, 0.0, 0.0, 0.0, 0.0, 0.0, 0.0, 0.0, 0.0, 0.0, 0.0, 0.01569, 0.01887, 0.01343, 0.0229, 0.01509, 0.01999, 0.01488, 0.02311, 0.01711, 0.02478, 0.02031, 0.02363, 0.0155, 0.02372, 0.01973, 0.02629, 0.01797, 0.02973, 0.01812, 0.01794, 0.01869, 0.01796, 0.01968, 0.02154, 0.01538, 0.02323, 0.01864, 0.02657, 0.01784, 0.0244, 0.0181, 0.02501, 0.01802, 0.02197, 0.02001, 0.02378, 0.01745, 0.02907, 0.02288, 0.0248, 0.0226, 0.02623, 0.01965, 0.02754, 0.02315, 0.03031, 0.0204, 0.02732, 0.0249, 0.02517, 0.02339, 0.03025, 0.02046, 0.03588, 0.02247, 0.02535, 0.02821, 0.03381, 0.0258, 0.03658, 0.03533, 0.04307, 0.03334, 0.04231, 0.04756, 0.05039, 0.03503, 0.05465, 0.05219, 0.05096, 0.05781, 0.05548, 0.06809, 0.04402, 0.05147, 0.04685, 0.04433, 0.05306, 0.04585, 0.05093, 0.04147, 0.05553, 0.04291, 0.05456, 0.05217, 0.06834, 0.06132, 0.07316, 0.06989, 0.08223, 0.0819, 0.09603, 0.09894, 0.12441, 0.14207, 0.19208, 0.24405, 0.3306, 0.39898, 0.48103, 0.53564, 0.60664, 0.65272, 0.71726, 0.75634, 0.81687, 0.85242, 0.90846, 0.9399, 0.99441, 1.02144, 1.07058, 1.0933, 1.13464, 1.14985, 1.19883, 1.23098, 1.29131, 1.32589, 1.38892, 1.42483, 1.49053, 1.52806, 1.59582, 1.63601, 1.70816, 1.75062, 1.82623, 1.86806, 1.94287, 1.98447, 2.06183, 2.10839, 2.19505, 2.25002, 2.34464, 2.40545, 2.5125, 2.58086, 2.69432, 2.76551, 2.88829, 2.97085, 3.1239, 3.21578, 3.38479, 3.50143, 3.69839, 3.82931, 4.06248, 4.24383, 4.52667, 4.76138, 5.1363, 5.42167, 5.88488, 6.22374, 6.79598, 7.17213, 7.80129, 8.22787, 8.90176, 9.01385, 8.5988, 7.01245, 4.74851, 2.8764, 1.61165, 1.04903, 0.68047, 0.55097, 0.37435, 0.31055, 0.20333, 0.20509, 0.1187, 0.15077, 0.08252, 0.09229, 0.06807, 0.08022, 0.05204, 0.07083, 0.04665, 0.06914, 0.04174, 0.05682, 0.02913, 0.05033, 0.0302, 0.03356, 0.03367, 0.01111, 0.00258, 0.02233, 0.00548, 0.04145, 0.00586, 0.02512, 0.01962, 0.02209, 0.00069, 0.01434, 0.01711, 0.00154, 0.0012, 0.00949, 0.0, 0.00942, 0.02764, 0.0061, 0.01235, 0.02998, 0.00977, 0.03414, 0.0153, 0.03958, 0.02808, 0.00854, 0.0286, 0.03899, 0.03153, 0.02966, 0.04063, 0.02254, 0.00548, 0.00517, 0.00503, 0.00892, 0.00569, 0.00098, 0.0119, 0.00301, 0.00526, 0.01625, 0.02, 0.01614, 0.03773, 0.01935, 0.0418, 0.02, 0.00979], "formula": "mg-jena", "density": 3.58, "temperature": 298.0, "stype": "crystalline oxides", "origin": "HYBRID", "citation": "@ARTICLE{1995A&AS..112..143H,author = {{Henning}, T. and {Begemann}, B. and {Mutschke}, H. and {Dorschner}, J.},title = '{Optical properties of oxide dust grains.}',journal = {\\aaps},keywords = {DUST, EXTINCTION, INFRARED: STARS, ISM: LINES AND BANDS, CIRCUMSTELLAR MATTER, STARS: AGB: POST-AGB, METHODS: LABORATORY},year = 1995,month = jul,volume = {112},pages = {143},adsurl = {https://ui.adsabs.harvard.edu/abs/1995A&AS..112..143H},adsnote = {Provided by the SAO/NASA Astrophysics Data System}}"}