{"species": "mg0.7fe0.3", "wavelength": [0.2, 0.22, 0.24, 0.26, 0.28, 0.3, 0.32, 0.34, 0.36, 0.38, 0.4, 0.42, 0.45, 0.5, 0.55, 0.6, 0.65, 0.7, 0.75, 0.8, 0.9, 1.0, 1.1, 1.2, 1.3, 1.4, 1.5, 1.6, 1.7, 1.8, 1.9, 2.0, 2.2, 2.4, 2.6, 2.8, 3.0, 3.5, 4.0, 4.5, 5.0, 5.5, 6.0, 6.5, 7.0, 7.5, 8.0, 8.2, 8.4, 8.6, 8.8, 9.0, 9.2, 9.4, 9.6, 9.8, 10.0, 10.2, 10.4, 10.6, 10.8, 11.0, 11.2, 11.4, 11.6, 11.8, 12.0, 12.5, 13.0, 13.5, 14.0, 14.5, 15.0, 15.5, 16.0, 16.5, 17.0, 17.5, 18.0, 18.5, 19.0, 19.5, 20.0, 21.0, 22.0, 23.0, 24.0, 25.0, 26.0, 27.0, 28.0, 29.0, 30.0, 32.0, 34.0, 36.0, 38.0, 40.0, 45.0, 50.0, 55.0, 60.0, 65.0, 70.0, 75.0, 80.0, 100.0, 200.0, 500.0], "n": [1.696, 1.67292, 1.66634, 1.66553, 1.67028, 1.67366, 1.67674, 1.67642, 1.67135, 1.66562, 1.66, 1.65526, 1.64892, 1.63948, 1.63518, 1.63169, 1.62881, 1.62527, 1.62211, 1.62318, 1.61872, 1.61473, 1.61323, 1.61403, 1.60526, 1.61348, 1.60227, 1.60415, 1.59991, 1.59596, 1.59155, 1.59301, 1.58333, 1.57959, 1.582, 1.57659, 1.57403, 1.5637, 1.56028, 1.54867, 1.53369, 1.51121, 1.47646, 1.44156, 1.39182, 1.31237, 1.15527, 1.07293, 1.0153, 0.987127, 0.973704, 1.01368, 1.0851, 1.19729, 1.32785, 1.45029, 1.56643, 1.67226, 1.77928, 1.87889, 1.96609, 2.03721, 2.09063, 2.12889, 2.1445, 2.12555, 2.07096, 1.902, 1.79436, 1.71163, 1.66177, 1.59362, 1.51907, 1.42704, 1.34698, 1.30669, 1.31158, 1.34971, 1.42124, 1.51626, 1.5993, 1.69078, 1.77801, 1.93793, 2.09023, 2.15534, 2.18393, 2.20361, 2.22144, 2.25416, 2.29028, 2.34164, 2.39284, 2.46425, 2.51242, 2.5515, 2.58166, 2.58704, 2.6078, 2.63976, 2.64706, 2.66006, 2.66258, 2.67095, 2.6766, 2.69301, 2.69089, 2.69089, 2.69089], "k": [0.032659, 0.05708, 0.065823, 0.071997, 0.071043, 0.065171, 0.056195, 0.044329, 0.034272, 0.027317, 0.02241, 0.016, 0.0105, 0.0057, 0.0042, 0.0035, 0.0032, 0.003, 0.002868, 0.002796, 0.00273, 0.002689, 0.002545, 0.002315, 0.002067, 0.001841, 0.001729, 0.001701, 0.00173, 0.00176, 0.001747, 0.00172, 0.001545, 0.001402, 0.00134, 0.001376, 0.001368, 0.00137, 0.001379, 0.001503, 0.003005, 0.004492, 0.00435, 0.004728, 0.006027, 0.009029, 0.075, 0.17328, 0.274492, 0.390366, 0.52022, 0.669612, 0.796176, 0.904355, 0.962505, 0.988934, 0.99284, 0.981458, 0.964218, 0.915665, 0.856509, 0.779662, 0.691399, 0.597051, 0.491735, 0.375869, 0.285915, 0.205806, 0.193781, 0.207051, 0.223611, 0.240045, 0.246027, 0.309868, 0.402327, 0.535251, 0.669393, 0.793894, 0.905266, 0.979994, 1.02675, 1.06441, 1.08248, 1.09986, 1.03098, 0.949954, 0.89778, 0.873337, 0.864705, 0.863328, 0.865256, 0.863798, 0.841428, 0.784714, 0.729619, 0.679722, 0.626253, 0.58375, 0.527359, 0.463198, 0.425524, 0.386256, 0.354838, 0.331863, 0.318764, 0.289955, 0.23, 0.115, 0.046], "formula": "mg0.7fe0.3", "density": 3.01, "temperature": 298.0, "stype": "amorphous pyroxene", "origin": "LABORATORY", "citation": "@ARTICLE{1994A&A...292..641J, author = {{Jaeger}, C. and {Mutschke}, H. and {Begemann}, B. and {Dorschner}, J. and {Henning}, Th.}, title = '{Steps toward interstellar silicate mineralogy. I. Laboratory results of a silicate glass of mean cosmic composition.}',journal = {\\aap}, keywords = {Cosmic Dust, Glass, Infrared Spectra, Interstellar Matter, Mineralogy, Pyroxenes, Silicates, Stellar Envelopes, Infrared Spectroscopy, Iron, Molecular Clouds, T Tauri Stars, Astrophysics, CIRCUMSTELLAR MATTER, DUST, EXTINCTION, INFRARED: INTERSTELLAR: LINES},year = 1994,month = dec,volume = {292},pages = {641-655},adsurl = {https://ui.adsabs.harvard.edu/abs/1994A&A...292..641J},adsnote = {Provided by the SAO/NASA Astrophysics Data System}};@ARTICLE{1995A&A...300..503D,author = {{Dorschner}, J. and {Begemann}, B. and {Henning}, T. and {Jaeger}, C. and {Mutschke}, H.},title = '{Steps toward interstellar silicate mineralogy. II. Study of Mg-Fe-silicate glasses of variable composition.}',journal = {\\aap},keywords = {CIRCUMSTELLAR MATTER, DUST, EXTINCTION, INFRARED: INTERSTELLAR: LINES, METHODS: LABORATORY},year = 1995,month = aug,volume = {300},pages = {503},adsurl = {https://ui.adsabs.harvard.edu/abs/1995A&A...300..503D},adsnote = {Provided by the SAO/NASA Astrophysics Data System}};@INPROCEEDINGS{1997ASIC..487..223M,author = {{Mutschke}, H. and {Begemann}, B. and {Dorschner}, J. and {J{\"a}ger}, C. and {Henning}, Th.},title = '{Optical data of glassy pyroxenes and olivines}',booktitle = {The Cosmic Dust Connection},year = 1997,editor = {{Greenberg}, J.~M.},series = {NATO Advanced Study Institute (ASI) Series C},volume = {487},month = jan,pages = {223},adsurl = {https://ui.adsabs.harvard.edu/abs/1997ASIC..487..223M},adsnote = {Provided by the SAO/NASA Astrophysics Data System}};@ARTICLE{1998A&A...339..904J,author = {{Jaeger}, C. and {Molster}, F.~J. and {Dorschner}, J. and {Henning}, Th. and {Mutschke}, H. and {Waters}, L.~B.~F.~M.},title = '{Steps toward interstellar silicate mineralogy. IV. The crystalline revolution}',journal = {\\aap},keywords = {LINE: IDENTIFICATION, METHODS: LABORATORY, CIRCUMSTELLAR MATTER, INFRARED: ISM: LINES AND BANDS, INFRARED: STARS},year = 1998,month = nov,volume = {339},pages = {904-916},adsurl = {https://ui.adsabs.harvard.edu/abs/1998A&A...339..904J},adsnote = {Provided by the SAO/NASA Astrophysics Data System}}"}