{"species": "mg0.8fe0.2", "wavelength": [0.2, 0.22, 0.24, 0.26, 0.28, 0.3, 0.32, 0.34, 0.36, 0.38, 0.4, 0.42, 0.45, 0.5, 0.55, 0.6, 0.65, 0.7, 0.75, 0.8, 0.9, 1.0, 1.1, 1.2, 1.3, 1.4, 1.5, 1.6, 1.7, 1.8, 1.9, 2.0, 2.2, 2.4, 2.6, 2.8, 3.0, 3.5, 4.0, 4.5, 5.0, 5.5, 6.0, 6.5, 7.0, 7.5, 8.0, 8.2, 8.4, 8.6, 8.8, 9.0, 9.2, 9.4, 9.6, 9.8, 10.0, 10.2, 10.4, 10.6, 10.8, 11.0, 11.2, 11.4, 11.6, 11.8, 12.0, 12.5, 13.0, 13.5, 14.0, 14.5, 15.0, 15.5, 16.0, 16.5, 17.0, 17.5, 18.0, 18.5, 19.0, 19.5, 20.0, 21.0, 22.0, 23.0, 24.0, 25.0, 26.0, 27.0, 28.0, 29.0, 30.0, 32.0, 34.0, 36.0, 38.0, 40.0, 45.0, 50.0, 55.0, 60.0, 65.0, 70.0, 75.0, 80.0, 100.0, 200.0, 500.0], "n": [1.739, 1.7103, 1.69336, 1.67987, 1.67244, 1.66802, 1.66202, 1.65468, 1.64714, 1.64062, 1.635, 1.62926, 1.62292, 1.61346, 1.61017, 1.60592, 1.60175, 1.59832, 1.5967, 1.59592, 1.59332, 1.58786, 1.58439, 1.58494, 1.57448, 1.58347, 1.56991, 1.57396, 1.57033, 1.56629, 1.56177, 1.56922, 1.56484, 1.56106, 1.5593, 1.55651, 1.55243, 1.54397, 1.53383, 1.51925, 1.4997, 1.47816, 1.44535, 1.40747, 1.36363, 1.2861, 1.12445, 1.03014, 0.970257, 0.942628, 0.933983, 0.971926, 1.03807, 1.14098, 1.27854, 1.43445, 1.57171, 1.68978, 1.78794, 1.87776, 1.95842, 2.02507, 2.06938, 2.09698, 2.099, 2.07035, 2.01052, 1.84716, 1.75331, 1.67828, 1.62021, 1.55959, 1.47969, 1.38393, 1.30396, 1.26686, 1.27818, 1.32103, 1.39311, 1.4845, 1.56792, 1.64898, 1.71693, 1.87005, 2.0347, 2.10356, 2.13573, 2.16643, 2.19685, 2.2336, 2.27258, 2.3115, 2.35081, 2.42214, 2.47677, 2.51079, 2.53891, 2.55155, 2.57388, 2.58673, 2.59697, 2.60176, 2.60968, 2.61958, 2.62732, 2.63603, 2.63482, 2.63482, 2.63482], "k": [0.047793, 0.059018, 0.057284, 0.054644, 0.052068, 0.045262, 0.036614, 0.029349, 0.02, 0.012, 0.007, 0.0035, 0.00226, 0.00179, 0.001649, 0.001548, 0.001493, 0.001449, 0.001422, 0.00142, 0.00147, 0.00153, 0.001514, 0.001431, 0.001304, 0.001171, 0.001108, 0.001102, 0.001137, 0.001165, 0.001164, 0.001141, 0.001046, 0.000976, 0.000965, 0.001039, 0.001038, 0.001057, 0.001087, 0.001256, 0.00281, 0.004368, 0.004261, 0.00478, 0.005978, 0.009063, 0.06, 0.148786, 0.260623, 0.382201, 0.515924, 0.659085, 0.788881, 0.906561, 0.991776, 1.02678, 1.01649, 0.983148, 0.939486, 0.887014, 0.820226, 0.73629, 0.643932, 0.545838, 0.441018, 0.341054, 0.261123, 0.195989, 0.193815, 0.201266, 0.213343, 0.225897, 0.240967, 0.294873, 0.398114, 0.530983, 0.66263, 0.78675, 0.888043, 0.95773, 1.00008, 1.02652, 1.04728, 1.09176, 1.03229, 0.954435, 0.909372, 0.885876, 0.872898, 0.8609, 0.850016, 0.838394, 0.819664, 0.774187, 0.719069, 0.664993, 0.614094, 0.572197, 0.493796, 0.446665, 0.403263, 0.371356, 0.341057, 0.322159, 0.300405, 0.272664, 0.22, 0.11, 0.044], "formula": "mg0.8fe0.2", "density": 2.96, "temperature": 298.0, "stype": "amorphous pyroxene", "origin": "LABORATORY", "citation": "@ARTICLE{1994A&A...292..641J, author = {{Jaeger}, C. and {Mutschke}, H. and {Begemann}, B. and {Dorschner}, J. and {Henning}, Th.}, title = '{Steps toward interstellar silicate mineralogy. I. Laboratory results of a silicate glass of mean cosmic composition.}',journal = {\\aap}, keywords = {Cosmic Dust, Glass, Infrared Spectra, Interstellar Matter, Mineralogy, Pyroxenes, Silicates, Stellar Envelopes, Infrared Spectroscopy, Iron, Molecular Clouds, T Tauri Stars, Astrophysics, CIRCUMSTELLAR MATTER, DUST, EXTINCTION, INFRARED: INTERSTELLAR: LINES},year = 1994,month = dec,volume = {292},pages = {641-655},adsurl = {https://ui.adsabs.harvard.edu/abs/1994A&A...292..641J},adsnote = {Provided by the SAO/NASA Astrophysics Data System}};@ARTICLE{1995A&A...300..503D,author = {{Dorschner}, J. and {Begemann}, B. and {Henning}, T. and {Jaeger}, C. and {Mutschke}, H.},title = '{Steps toward interstellar silicate mineralogy. II. Study of Mg-Fe-silicate glasses of variable composition.}',journal = {\\aap},keywords = {CIRCUMSTELLAR MATTER, DUST, EXTINCTION, INFRARED: INTERSTELLAR: LINES, METHODS: LABORATORY},year = 1995,month = aug,volume = {300},pages = {503},adsurl = {https://ui.adsabs.harvard.edu/abs/1995A&A...300..503D},adsnote = {Provided by the SAO/NASA Astrophysics Data System}};@INPROCEEDINGS{1997ASIC..487..223M,author = {{Mutschke}, H. and {Begemann}, B. and {Dorschner}, J. and {J{\"a}ger}, C. and {Henning}, Th.},title = '{Optical data of glassy pyroxenes and olivines}',booktitle = {The Cosmic Dust Connection},year = 1997,editor = {{Greenberg}, J.~M.},series = {NATO Advanced Study Institute (ASI) Series C},volume = {487},month = jan,pages = {223},adsurl = {https://ui.adsabs.harvard.edu/abs/1997ASIC..487..223M},adsnote = {Provided by the SAO/NASA Astrophysics Data System}};@ARTICLE{1998A&A...339..904J,author = {{Jaeger}, C. and {Molster}, F.~J. and {Dorschner}, J. and {Henning}, Th. and {Mutschke}, H. and {Waters}, L.~B.~F.~M.},title = '{Steps toward interstellar silicate mineralogy. IV. The crystalline revolution}',journal = {\\aap},keywords = {LINE: IDENTIFICATION, METHODS: LABORATORY, CIRCUMSTELLAR MATTER, INFRARED: ISM: LINES AND BANDS, INFRARED: STARS},year = 1998,month = nov,volume = {339},pages = {904-916},adsurl = {https://ui.adsabs.harvard.edu/abs/1998A&A...339..904J},adsnote = {Provided by the SAO/NASA Astrophysics Data System}}"}