{"species": "mg0.6fe0.4", "wavelength": [0.2, 0.22, 0.24, 0.26, 0.28, 0.3, 0.32, 0.34, 0.36, 0.38, 0.4, 0.42, 0.45, 0.5, 0.55, 0.6, 0.65, 0.7, 0.75, 0.8, 0.9, 1.0, 1.1, 1.2, 1.3, 1.4, 1.5, 1.6, 1.7, 1.8, 1.9, 2.0, 2.2, 2.4, 2.6, 2.8, 3.0, 3.5, 4.0, 4.5, 5.0, 5.5, 6.0, 6.5, 7.0, 7.5, 8.0, 8.2, 8.4, 8.6, 8.8, 9.0, 9.2, 9.4, 9.6, 9.8, 10.0, 10.2, 10.4, 10.6, 10.8, 11.0, 11.2, 11.4, 11.6, 11.8, 12.0, 12.5, 13.0, 13.5, 14.0, 14.5, 15.0, 15.5, 16.0, 16.5, 17.0, 17.5, 18.0, 18.5, 19.0, 19.5, 20.0, 21.0, 22.0, 23.0, 24.0, 25.0, 26.0, 27.0, 28.0, 29.0, 30.0, 32.0, 34.0, 36.0, 38.0, 40.0, 45.0, 50.0, 55.0, 60.0, 65.0, 70.0, 75.0, 80.0, 100.0, 200.0, 500.0], "n": [1.723, 1.70746, 1.703, 1.70506, 1.70956, 1.71432, 1.71874, 1.71842, 1.71435, 1.7093, 1.703, 1.69808, 1.69015, 1.6782, 1.67476, 1.66833, 1.66301, 1.66003, 1.65788, 1.65549, 1.65581, 1.64467, 1.64148, 1.64034, 1.63451, 1.63778, 1.6288, 1.63138, 1.62793, 1.62192, 1.62183, 1.61973, 1.61981, 1.61834, 1.6179, 1.61343, 1.6071, 1.60142, 1.59276, 1.58437, 1.56548, 1.54415, 1.5088, 1.47185, 1.41877, 1.33684, 1.18237, 1.10936, 1.0502, 1.01604, 1.01131, 1.0851, 1.12421, 1.19655, 1.3124, 1.43979, 1.54427, 1.64183, 1.73375, 1.82612, 1.91815, 2.00559, 2.07112, 2.1199, 2.15225, 2.15512, 2.12344, 1.96622, 1.83172, 1.73645, 1.67833, 1.61977, 1.53623, 1.44844, 1.37717, 1.3511, 1.366, 1.40885, 1.47464, 1.55448, 1.62828, 1.69143, 1.74177, 1.90606, 2.14139, 2.20399, 2.21363, 2.22473, 2.24187, 2.27178, 2.30732, 2.3468, 2.38911, 2.46573, 2.52566, 2.56726, 2.59754, 2.6137, 2.63909, 2.65626, 2.68043, 2.69285, 2.69833, 2.70628, 2.71588, 2.72294, 2.72706, 2.72706, 2.72706], "k": [0.1293, 0.165934, 0.169566, 0.167036, 0.158752, 0.146906, 0.131202, 0.114032, 0.09881, 0.0821, 0.0698, 0.0606, 0.0467, 0.0291, 0.0211, 0.0158, 0.0121, 0.01013, 0.00879, 0.00794, 0.00709, 0.0065, 0.00567, 0.00445, 0.00363, 0.00305, 0.002737, 0.00264, 0.002663, 0.002693, 0.002717, 0.002521, 0.002264, 0.002049, 0.001947, 0.001958, 0.001936, 0.001933, 0.001952, 0.002061, 0.003601, 0.005044, 0.004896, 0.005153, 0.006415, 0.009641, 0.08, 0.160995, 0.257793, 0.375442, 0.518271, 0.63447, 0.7238, 0.832627, 0.914284, 0.948991, 0.953941, 0.953125, 0.940888, 0.917903, 0.881698, 0.820934, 0.741097, 0.649421, 0.554084, 0.446556, 0.347503, 0.209769, 0.183614, 0.202486, 0.227013, 0.245135, 0.259989, 0.318385, 0.425987, 0.549596, 0.67401, 0.784498, 0.876449, 0.939535, 0.979611, 1.00736, 1.04166, 1.15278, 1.06653, 0.945044, 0.885384, 0.862065, 0.855147, 0.854226, 0.853134, 0.849216, 0.83747, 0.800058, 0.749946, 0.698197, 0.648534, 0.605217, 0.530327, 0.481516, 0.440491, 0.400739, 0.367056, 0.344479, 0.322082, 0.301291, 0.24, 0.12, 0.048], "formula": "mg0.6fe0.4", "density": 3.15, "temperature": 298.0, "stype": "amorphous pyroxene", "origin": "LABORATORY", "citation": "@ARTICLE{1994A&A...292..641J, author = {{Jaeger}, C. and {Mutschke}, H. and {Begemann}, B. and {Dorschner}, J. and {Henning}, Th.}, title = '{Steps toward interstellar silicate mineralogy. I. Laboratory results of a silicate glass of mean cosmic composition.}',journal = {\\aap}, keywords = {Cosmic Dust, Glass, Infrared Spectra, Interstellar Matter, Mineralogy, Pyroxenes, Silicates, Stellar Envelopes, Infrared Spectroscopy, Iron, Molecular Clouds, T Tauri Stars, Astrophysics, CIRCUMSTELLAR MATTER, DUST, EXTINCTION, INFRARED: INTERSTELLAR: LINES},year = 1994,month = dec,volume = {292},pages = {641-655},adsurl = {https://ui.adsabs.harvard.edu/abs/1994A&A...292..641J},adsnote = {Provided by the SAO/NASA Astrophysics Data System}};@ARTICLE{1995A&A...300..503D,author = {{Dorschner}, J. and {Begemann}, B. and {Henning}, T. and {Jaeger}, C. and {Mutschke}, H.},title = '{Steps toward interstellar silicate mineralogy. II. Study of Mg-Fe-silicate glasses of variable composition.}',journal = {\\aap},keywords = {CIRCUMSTELLAR MATTER, DUST, EXTINCTION, INFRARED: INTERSTELLAR: LINES, METHODS: LABORATORY},year = 1995,month = aug,volume = {300},pages = {503},adsurl = {https://ui.adsabs.harvard.edu/abs/1995A&A...300..503D},adsnote = {Provided by the SAO/NASA Astrophysics Data System}};@INPROCEEDINGS{1997ASIC..487..223M,author = {{Mutschke}, H. and {Begemann}, B. and {Dorschner}, J. and {J{\"a}ger}, C. and {Henning}, Th.},title = '{Optical data of glassy pyroxenes and olivines}',booktitle = {The Cosmic Dust Connection},year = 1997,editor = {{Greenberg}, J.~M.},series = {NATO Advanced Study Institute (ASI) Series C},volume = {487},month = jan,pages = {223},adsurl = {https://ui.adsabs.harvard.edu/abs/1997ASIC..487..223M},adsnote = {Provided by the SAO/NASA Astrophysics Data System}};@ARTICLE{1998A&A...339..904J,author = {{Jaeger}, C. and {Molster}, F.~J. and {Dorschner}, J. and {Henning}, Th. and {Mutschke}, H. and {Waters}, L.~B.~F.~M.},title = '{Steps toward interstellar silicate mineralogy. IV. The crystalline revolution}',journal = {\\aap},keywords = {LINE: IDENTIFICATION, METHODS: LABORATORY, CIRCUMSTELLAR MATTER, INFRARED: ISM: LINES AND BANDS, INFRARED: STARS},year = 1998,month = nov,volume = {339},pages = {904-916},adsurl = {https://ui.adsabs.harvard.edu/abs/1998A&A...339..904J},adsnote = {Provided by the SAO/NASA Astrophysics Data System}}"}