{"species": "mg0.4fe0.6", "wavelength": [0.2, 0.22, 0.24, 0.26, 0.28, 0.3, 0.32, 0.34, 0.36, 0.38, 0.4, 0.42, 0.45, 0.5, 0.55, 0.6, 0.65, 0.7, 0.75, 0.8, 0.9, 1.0, 1.1, 1.2, 1.3, 1.4, 1.5, 1.6, 1.7, 1.8, 1.9, 2.0, 2.2, 2.4, 2.6, 2.8, 3.0, 3.5, 4.0, 4.5, 5.0, 5.5, 6.0, 6.5, 7.0, 7.5, 8.0, 8.2, 8.4, 8.6, 8.8, 9.0, 9.2, 9.4, 9.6, 9.8, 10.0, 10.2, 10.4, 10.6, 10.8, 11.0, 11.2, 11.4, 11.6, 11.8, 12.0, 12.5, 13.0, 13.5, 14.0, 14.5, 15.0, 15.5, 16.0, 16.5, 17.0, 17.5, 18.0, 18.5, 19.0, 19.5, 20.0, 21.0, 22.0, 23.0, 24.0, 25.0, 26.0, 27.0, 28.0, 29.0, 30.0, 32.0, 34.0, 36.0, 38.0, 40.0, 45.0, 50.0, 55.0, 60.0, 65.0, 70.0, 75.0, 80.0, 100.0, 200.0, 500.0], "n": [1.696, 1.69308, 1.69766, 1.70713, 1.71684, 1.72398, 1.73098, 1.73932, 1.74178, 1.73897, 1.734, 1.72908, 1.72115, 1.70908, 1.70366, 1.69871, 1.69278, 1.68953, 1.68914, 1.68847, 1.68676, 1.6811, 1.68468, 1.6774, 1.67397, 1.6856, 1.66992, 1.66423, 1.66578, 1.66269, 1.64806, 1.64911, 1.64617, 1.64408, 1.64214, 1.6376, 1.63492, 1.62678, 1.61489, 1.6011, 1.58159, 1.55994, 1.52585, 1.4878, 1.43016, 1.34097, 1.14962, 1.08264, 1.04414, 1.01826, 1.03002, 1.17437, 1.27096, 1.35169, 1.44024, 1.52911, 1.59295, 1.65233, 1.72029, 1.7944, 1.87156, 1.94739, 2.00974, 2.05614, 2.08232, 2.09226, 2.08137, 1.96999, 1.84073, 1.73457, 1.67315, 1.6168, 1.54584, 1.46364, 1.39758, 1.36985, 1.3797, 1.41021, 1.45947, 1.51468, 1.55892, 1.58681, 1.60424, 1.80704, 2.22403, 2.33105, 2.33031, 2.32383, 2.32125, 2.33581, 2.35706, 2.38387, 2.41568, 2.48019, 2.53793, 2.57441, 2.61464, 2.63645, 2.66747, 2.68011, 2.70355, 2.71095, 2.7148, 2.7164, 2.72383, 2.73434, 2.73961, 2.73961, 2.73961], "k": [0.1266, 0.164874, 0.173292, 0.173496, 0.164996, 0.154562, 0.144657, 0.129842, 0.111659, 0.095811, 0.083359, 0.074095, 0.063732, 0.051517, 0.0408, 0.0332, 0.027, 0.0237, 0.0209, 0.0188, 0.0174, 0.0175, 0.0161, 0.0138, 0.01123, 0.00914, 0.00824, 0.00786, 0.00782, 0.00803, 0.00781, 0.00743, 0.006451, 0.006071, 0.00582, 0.005735, 0.005638, 0.005507, 0.005457, 0.005545, 0.007207, 0.00869, 0.008531, 0.00845, 0.00962, 0.013037, 0.08, 0.198452, 0.304079, 0.429703, 0.604351, 0.731411, 0.768542, 0.8066, 0.83653, 0.840606, 0.833015, 0.835199, 0.836722, 0.827335, 0.805164, 0.76215, 0.700025, 0.62891, 0.546169, 0.466168, 0.378688, 0.236743, 0.182195, 0.204534, 0.232568, 0.252213, 0.274687, 0.329686, 0.423832, 0.53985, 0.649292, 0.751022, 0.833996, 0.894149, 0.94035, 0.987814, 1.06725, 1.34549, 1.25035, 1.0307, 0.914461, 0.859405, 0.834142, 0.827042, 0.820867, 0.817765, 0.808351, 0.78146, 0.743337, 0.697144, 0.65531, 0.611348, 0.528453, 0.480504, 0.424339, 0.391419, 0.352187, 0.332978, 0.316595, 0.298339, 0.24, 0.12, 0.048], "formula": "mg0.4fe0.6", "density": 3.27, "temperature": 298.0, "stype": "amorphous pyroxene", "origin": "LABORATORY", "citation": "@ARTICLE{1994A&A...292..641J, author = {{Jaeger}, C. and {Mutschke}, H. and {Begemann}, B. and {Dorschner}, J. and {Henning}, Th.}, title = '{Steps toward interstellar silicate mineralogy. I. Laboratory results of a silicate glass of mean cosmic composition.}',journal = {\\aap}, keywords = {Cosmic Dust, Glass, Infrared Spectra, Interstellar Matter, Mineralogy, Pyroxenes, Silicates, Stellar Envelopes, Infrared Spectroscopy, Iron, Molecular Clouds, T Tauri Stars, Astrophysics, CIRCUMSTELLAR MATTER, DUST, EXTINCTION, INFRARED: INTERSTELLAR: LINES},year = 1994,month = dec,volume = {292},pages = {641-655},adsurl = {https://ui.adsabs.harvard.edu/abs/1994A&A...292..641J},adsnote = {Provided by the SAO/NASA Astrophysics Data System}};@ARTICLE{1995A&A...300..503D,author = {{Dorschner}, J. and {Begemann}, B. and {Henning}, T. and {Jaeger}, C. and {Mutschke}, H.},title = '{Steps toward interstellar silicate mineralogy. II. Study of Mg-Fe-silicate glasses of variable composition.}',journal = {\\aap},keywords = {CIRCUMSTELLAR MATTER, DUST, EXTINCTION, INFRARED: INTERSTELLAR: LINES, METHODS: LABORATORY},year = 1995,month = aug,volume = {300},pages = {503},adsurl = {https://ui.adsabs.harvard.edu/abs/1995A&A...300..503D},adsnote = {Provided by the SAO/NASA Astrophysics Data System}};@INPROCEEDINGS{1997ASIC..487..223M,author = {{Mutschke}, H. and {Begemann}, B. and {Dorschner}, J. and {J{\"a}ger}, C. and {Henning}, Th.},title = '{Optical data of glassy pyroxenes and olivines}',booktitle = {The Cosmic Dust Connection},year = 1997,editor = {{Greenberg}, J.~M.},series = {NATO Advanced Study Institute (ASI) Series C},volume = {487},month = jan,pages = {223},adsurl = {https://ui.adsabs.harvard.edu/abs/1997ASIC..487..223M},adsnote = {Provided by the SAO/NASA Astrophysics Data System}};@ARTICLE{1998A&A...339..904J,author = {{Jaeger}, C. and {Molster}, F.~J. and {Dorschner}, J. and {Henning}, Th. and {Mutschke}, H. and {Waters}, L.~B.~F.~M.},title = '{Steps toward interstellar silicate mineralogy. IV. The crystalline revolution}',journal = {\\aap},keywords = {LINE: IDENTIFICATION, METHODS: LABORATORY, CIRCUMSTELLAR MATTER, INFRARED: ISM: LINES AND BANDS, INFRARED: STARS},year = 1998,month = nov,volume = {339},pages = {904-916},adsurl = {https://ui.adsabs.harvard.edu/abs/1998A&A...339..904J},adsnote = {Provided by the SAO/NASA Astrophysics Data System}}"}