{"species": "mg0.5fe0.5", "wavelength": [0.2, 0.22, 0.24, 0.26, 0.28, 0.3, 0.32, 0.34, 0.36, 0.38, 0.4, 0.42, 0.45, 0.5, 0.55, 0.6, 0.65, 0.7, 0.75, 0.8, 0.9, 1.0, 1.1, 1.2, 1.3, 1.4, 1.5, 1.6, 1.7, 1.8, 1.9, 2.0, 2.2, 2.4, 2.6, 2.8, 3.0, 3.5, 4.0, 4.5, 5.0, 5.5, 6.0, 6.5, 7.0, 7.5, 8.0, 8.2, 8.4, 8.6, 8.8, 9.0, 9.2, 9.4, 9.6, 9.8, 10.0, 10.2, 10.4, 10.6, 10.8, 11.0, 11.2, 11.4, 11.6, 11.8, 12.0, 12.5, 13.0, 13.5, 14.0, 14.5, 15.0, 15.5, 16.0, 16.5, 17.0, 17.5, 18.0, 18.5, 19.0, 19.5, 20.0, 21.0, 22.0, 23.0, 24.0, 25.0, 26.0, 27.0, 28.0, 29.0, 30.0, 32.0, 34.0, 36.0, 38.0, 40.0, 45.0, 50.0, 55.0, 60.0, 65.0, 70.0, 75.0, 80.0, 100.0, 200.0, 500.0], "n": [1.692, 1.682, 1.68266, 1.69213, 1.70312, 1.71264, 1.72198, 1.72558, 1.72335, 1.71897, 1.714, 1.70908, 1.70192, 1.68849, 1.68347, 1.67962, 1.67491, 1.67114, 1.67042, 1.67083, 1.67348, 1.66474, 1.66406, 1.66345, 1.6586, 1.65851, 1.65311, 1.65154, 1.64891, 1.643, 1.64089, 1.63961, 1.63421, 1.63139, 1.6304, 1.62572, 1.62072, 1.61005, 1.6024, 1.59007, 1.57198, 1.5496, 1.51445, 1.47482, 1.42639, 1.3417, 1.179, 1.09971, 1.04942, 1.02252, 1.02397, 1.11165, 1.19483, 1.28246, 1.3916, 1.50302, 1.59146, 1.67003, 1.74913, 1.83128, 1.91529, 1.99243, 2.05498, 2.09654, 2.12138, 2.11726, 2.0915, 1.95338, 1.82813, 1.73426, 1.67644, 1.62253, 1.55611, 1.47087, 1.40774, 1.38302, 1.39201, 1.4308, 1.49015, 1.56233, 1.62861, 1.68503, 1.73778, 1.91791, 2.17352, 2.2607, 2.27706, 2.2849, 2.292, 2.31373, 2.33953, 2.37106, 2.40638, 2.47586, 2.53527, 2.57678, 2.60435, 2.61707, 2.62687, 2.63942, 2.65023, 2.65362, 2.66176, 2.67168, 2.67122, 2.68616, 2.69035, 2.69035, 2.69035], "k": [0.1261, 0.159452, 0.170723, 0.172362, 0.165792, 0.155402, 0.139879, 0.120936, 0.10402, 0.090612, 0.080011, 0.070935, 0.0596, 0.0448, 0.034, 0.0271, 0.0212, 0.0173, 0.015, 0.013, 0.011, 0.0106, 0.00929, 0.00763, 0.00562, 0.004574, 0.004185, 0.003988, 0.003924, 0.003901, 0.003803, 0.003687, 0.003177, 0.002771, 0.002549, 0.002496, 0.002435, 0.002355, 0.002325, 0.002415, 0.003943, 0.005595, 0.005292, 0.00553, 0.006873, 0.010152, 0.08, 0.174299, 0.283574, 0.402287, 0.5501, 0.690516, 0.764587, 0.837277, 0.891191, 0.906286, 0.899745, 0.894592, 0.883678, 0.865377, 0.830937, 0.774737, 0.701662, 0.617208, 0.526409, 0.430532, 0.343929, 0.222494, 0.192467, 0.209341, 0.237457, 0.258699, 0.286465, 0.332634, 0.431476, 0.549423, 0.662267, 0.76859, 0.859168, 0.923043, 0.966874, 1.00435, 1.04929, 1.17188, 1.09713, 0.958625, 0.876735, 0.835082, 0.814357, 0.8073, 0.801926, 0.796287, 0.78584, 0.753022, 0.706568, 0.652521, 0.598526, 0.55251, 0.477036, 0.423418, 0.380857, 0.363516, 0.326641, 0.304631, 0.289556, 0.269921, 0.22, 0.11, 0.044], "formula": "mg0.5fe0.5", "density": 3.2, "temperature": 298.0, "stype": "amorphous pyroxene", "origin": "LABORATORY", "citation": "@ARTICLE{1994A&A...292..641J, author = {{Jaeger}, C. and {Mutschke}, H. and {Begemann}, B. and {Dorschner}, J. and {Henning}, Th.}, title = '{Steps toward interstellar silicate mineralogy. I. Laboratory results of a silicate glass of mean cosmic composition.}',journal = {\\aap}, keywords = {Cosmic Dust, Glass, Infrared Spectra, Interstellar Matter, Mineralogy, Pyroxenes, Silicates, Stellar Envelopes, Infrared Spectroscopy, Iron, Molecular Clouds, T Tauri Stars, Astrophysics, CIRCUMSTELLAR MATTER, DUST, EXTINCTION, INFRARED: INTERSTELLAR: LINES},year = 1994,month = dec,volume = {292},pages = {641-655},adsurl = {https://ui.adsabs.harvard.edu/abs/1994A&A...292..641J},adsnote = {Provided by the SAO/NASA Astrophysics Data System}};@ARTICLE{1995A&A...300..503D,author = {{Dorschner}, J. and {Begemann}, B. and {Henning}, T. and {Jaeger}, C. and {Mutschke}, H.},title = '{Steps toward interstellar silicate mineralogy. II. Study of Mg-Fe-silicate glasses of variable composition.}',journal = {\\aap},keywords = {CIRCUMSTELLAR MATTER, DUST, EXTINCTION, INFRARED: INTERSTELLAR: LINES, METHODS: LABORATORY},year = 1995,month = aug,volume = {300},pages = {503},adsurl = {https://ui.adsabs.harvard.edu/abs/1995A&A...300..503D},adsnote = {Provided by the SAO/NASA Astrophysics Data System}};@INPROCEEDINGS{1997ASIC..487..223M,author = {{Mutschke}, H. and {Begemann}, B. and {Dorschner}, J. and {J{\"a}ger}, C. and {Henning}, Th.},title = '{Optical data of glassy pyroxenes and olivines}',booktitle = {The Cosmic Dust Connection},year = 1997,editor = {{Greenberg}, J.~M.},series = {NATO Advanced Study Institute (ASI) Series C},volume = {487},month = jan,pages = {223},adsurl = {https://ui.adsabs.harvard.edu/abs/1997ASIC..487..223M},adsnote = {Provided by the SAO/NASA Astrophysics Data System}};@ARTICLE{1998A&A...339..904J,author = {{Jaeger}, C. and {Molster}, F.~J. and {Dorschner}, J. and {Henning}, Th. and {Mutschke}, H. and {Waters}, L.~B.~F.~M.},title = '{Steps toward interstellar silicate mineralogy. IV. The crystalline revolution}',journal = {\\aap},keywords = {LINE: IDENTIFICATION, METHODS: LABORATORY, CIRCUMSTELLAR MATTER, INFRARED: ISM: LINES AND BANDS, INFRARED: STARS},year = 1998,month = nov,volume = {339},pages = {904-916},adsurl = {https://ui.adsabs.harvard.edu/abs/1998A&A...339..904J},adsnote = {Provided by the SAO/NASA Astrophysics Data System}}"}