{"species": "mg0.95fe0.05", "wavelength": [0.2, 0.22, 0.24, 0.26, 0.28, 0.3, 0.32, 0.34, 0.36, 0.38, 0.4, 0.42, 0.45, 0.5, 0.55, 0.6, 0.65, 0.7, 0.75, 0.8, 0.9, 1.0, 1.1, 1.2, 1.3, 1.4, 1.5, 1.6, 1.7, 1.8, 1.9, 2.0, 2.2, 2.4, 2.6, 2.8, 3.0, 3.5, 4.0, 4.5, 5.0, 5.5, 6.0, 6.5, 7.0, 7.5, 8.0, 8.2, 8.4, 8.6, 8.8, 9.0, 9.2, 9.4, 9.6, 9.8, 10.0, 10.2, 10.4, 10.6, 10.8, 11.0, 11.2, 11.4, 11.6, 11.8, 12.0, 12.5, 13.0, 13.5, 14.0, 14.5, 15.0, 15.5, 16.0, 16.5, 17.0, 17.5, 18.0, 18.5, 19.0, 19.5, 20.0, 21.0, 22.0, 23.0, 24.0, 25.0, 26.0, 27.0, 28.0, 29.0, 30.0, 32.0, 34.0, 36.0, 38.0, 40.0, 45.0, 50.0, 55.0, 60.0, 65.0, 70.0, 75.0, 80.0, 100.0, 200.0, 500.0], "n": [1.74915, 1.70574, 1.68036, 1.66, 1.64613, 1.63644, 1.62569, 1.61798, 1.6111, 1.60622, 1.60181, 1.59874, 1.59519, 1.589, 1.58676, 1.58429, 1.5801, 1.57675, 1.57347, 1.57321, 1.56746, 1.56509, 1.56078, 1.55664, 1.56112, 1.55996, 1.54912, 1.54586, 1.54725, 1.54681, 1.5407, 1.54132, 1.54472, 1.5373, 1.53731, 1.53293, 1.52504, 1.51832, 1.51098, 1.49726, 1.48032, 1.45347, 1.42068, 1.38005, 1.32796, 1.246, 1.08759, 0.988948, 0.921661, 0.893676, 0.885859, 0.907217, 0.9686, 1.07871, 1.22604, 1.39744, 1.56132, 1.70867, 1.82618, 1.92619, 2.00844, 2.0663, 2.09554, 2.10372, 2.08811, 2.03867, 1.95632, 1.78651, 1.70944, 1.65022, 1.5881, 1.52584, 1.44253, 1.34314, 1.26025, 1.22365, 1.23952, 1.28884, 1.37002, 1.4703, 1.57326, 1.67195, 1.75545, 1.8897, 1.97896, 2.04573, 2.09291, 2.13594, 2.17356, 2.21395, 2.25551, 2.29228, 2.32618, 2.39138, 2.44134, 2.47157, 2.49796, 2.50378, 2.52182, 2.532, 2.55314, 2.54836, 2.54345, 2.54495, 2.55128, 2.55534, 2.55894, 2.55894, 2.55894], "k": [0.0001, 0.0001, 0.0001, 0.0001, 0.0001, 0.0001, 0.0001, 0.001657, 0.000883, 0.000535, 0.0004, 0.000338, 0.000309, 0.00029, 0.000302, 0.00031, 0.000327, 0.000351, 0.000384, 0.000423, 0.000507, 0.000581, 0.000623, 0.000645, 0.00063, 0.000617, 0.000634, 0.000647, 0.000677, 0.000684, 0.000714, 0.000696, 0.000713, 0.000742, 0.000781, 0.000864, 0.000893, 0.000989, 0.001014, 0.001231, 0.002875, 0.004356, 0.004372, 0.004904, 0.006005, 0.009166, 0.055, 0.135106, 0.255064, 0.38192, 0.51191, 0.65738, 0.807352, 0.938979, 1.03709, 1.08695, 1.08247, 1.03957, 0.976048, 0.901407, 0.807724, 0.701749, 0.59635, 0.481748, 0.3749, 0.27159, 0.208511, 0.182888, 0.193131, 0.19939, 0.206126, 0.211363, 0.225029, 0.283539, 0.392488, 0.530437, 0.66983, 0.801931, 0.908129, 0.980315, 1.02155, 1.0394, 1.03981, 1.00737, 0.966505, 0.927805, 0.898775, 0.878661, 0.861058, 0.842456, 0.823374, 0.809736, 0.784611, 0.736845, 0.68109, 0.6242, 0.573172, 0.535125, 0.459279, 0.413302, 0.357272, 0.324218, 0.293087, 0.278053, 0.26168, 0.244209, 0.195, 0.1, 0.039], "formula": "mg0.95fe0.05", "density": 2.74, "temperature": 298.0, "stype": "amorphous pyroxene", "origin": "LABORATORY", "citation": "@ARTICLE{1994A&A...292..641J, author = {{Jaeger}, C. and {Mutschke}, H. and {Begemann}, B. and {Dorschner}, J. and {Henning}, Th.}, title = '{Steps toward interstellar silicate mineralogy. I. Laboratory results of a silicate glass of mean cosmic composition.}',journal = {\\aap}, keywords = {Cosmic Dust, Glass, Infrared Spectra, Interstellar Matter, Mineralogy, Pyroxenes, Silicates, Stellar Envelopes, Infrared Spectroscopy, Iron, Molecular Clouds, T Tauri Stars, Astrophysics, CIRCUMSTELLAR MATTER, DUST, EXTINCTION, INFRARED: INTERSTELLAR: LINES},year = 1994,month = dec,volume = {292},pages = {641-655},adsurl = {https://ui.adsabs.harvard.edu/abs/1994A&A...292..641J},adsnote = {Provided by the SAO/NASA Astrophysics Data System}};@ARTICLE{1995A&A...300..503D,author = {{Dorschner}, J. and {Begemann}, B. and {Henning}, T. and {Jaeger}, C. and {Mutschke}, H.},title = '{Steps toward interstellar silicate mineralogy. II. Study of Mg-Fe-silicate glasses of variable composition.}',journal = {\\aap},keywords = {CIRCUMSTELLAR MATTER, DUST, EXTINCTION, INFRARED: INTERSTELLAR: LINES, METHODS: LABORATORY},year = 1995,month = aug,volume = {300},pages = {503},adsurl = {https://ui.adsabs.harvard.edu/abs/1995A&A...300..503D},adsnote = {Provided by the SAO/NASA Astrophysics Data System}};@INPROCEEDINGS{1997ASIC..487..223M,author = {{Mutschke}, H. and {Begemann}, B. and {Dorschner}, J. and {J{\"a}ger}, C. and {Henning}, Th.},title = '{Optical data of glassy pyroxenes and olivines}',booktitle = {The Cosmic Dust Connection},year = 1997,editor = {{Greenberg}, J.~M.},series = {NATO Advanced Study Institute (ASI) Series C},volume = {487},month = jan,pages = {223},adsurl = {https://ui.adsabs.harvard.edu/abs/1997ASIC..487..223M},adsnote = {Provided by the SAO/NASA Astrophysics Data System}};@ARTICLE{1998A&A...339..904J,author = {{Jaeger}, C. and {Molster}, F.~J. and {Dorschner}, J. and {Henning}, Th. and {Mutschke}, H. and {Waters}, L.~B.~F.~M.},title = '{Steps toward interstellar silicate mineralogy. IV. The crystalline revolution}',journal = {\\aap},keywords = {LINE: IDENTIFICATION, METHODS: LABORATORY, CIRCUMSTELLAR MATTER, INFRARED: ISM: LINES AND BANDS, INFRARED: STARS},year = 1998,month = nov,volume = {339},pages = {904-916},adsurl = {https://ui.adsabs.harvard.edu/abs/1998A&A...339..904J},adsnote = {Provided by the SAO/NASA Astrophysics Data System}}"}