{"species": "mg0.50fe0.43ca0.03al0.04", "wavelength": [6.6786299, 6.7114801, 6.7446499, 6.7781501, 6.8119798, 6.8461499, 6.8806701, 6.9155402, 6.9507599, 6.9863501, 7.0222998, 7.05862, 7.0953202, 7.1324, 7.1698799, 7.2077498, 7.2460198, 7.2846999, 7.3237901, 7.3633099, 7.4032502, 7.4436402, 7.4844599, 7.5257401, 7.5674701, 7.6096702, 7.6523399, 7.6954899, 7.73913, 7.7832699, 7.82792, 7.8730798, 7.9187598, 7.9649801, 8.0117397, 8.0590601, 8.1069298, 8.1553802, 8.2044096, 8.2540302, 8.3042603, 8.3550997, 8.4065704, 8.4586802, 8.5114298, 8.5648499, 8.6189499, 8.6737299, 8.7292099, 8.7854099, 8.84233, 8.8999996, 8.9584198, 9.0176201, 9.07761, 9.1383896, 9.1999998, 9.2624397, 9.3257399, 9.3899097, 9.4549599, 9.5209303, 9.5878201, 9.6556597, 9.7244701, 9.79426, 9.8650599, 9.9368896, 10.0098, 10.0837002, 10.1588001, 10.2349997, 10.3122997, 10.3908997, 10.4706001, 10.5515003, 10.6337996, 10.7173004, 10.8021002, 10.8882999, 10.9758997, 11.0649004, 11.1553001, 11.2473001, 11.3407001, 11.4357996, 11.5324001, 11.6307001, 11.7306995, 11.8324003, 11.9358997, 12.0411997, 12.1484003, 12.2574997, 12.3685999, 12.4816999, 12.5969, 12.7143002, 12.8339005, 12.9556999, 13.0798998, 13.2065001, 13.3354998, 13.4671001, 13.6013002, 13.7383003, 13.8780003, 14.0205002, 14.1660995, 14.3147001, 14.4664001, 14.6213999, 14.7798004, 14.9415998, 15.1070004, 15.2761002, 15.4490995, 15.6260004, 15.8070002, 15.9921999, 16.1818008, 16.3759995, 16.5748997, 16.7786999, 16.9876003, 17.2017002, 17.4213009, 17.6466007, 17.8777008, 18.1149998, 18.3586998, 18.6091003, 18.8663998, 19.1308002, 19.4027996, 19.6826992, 19.9706993, 20.2672997, 20.5729008, 20.8878002, 21.2124004, 21.5473995, 21.8929996, 22.25, 22.6187992, 23.0, 23.3943005, 23.8022995, 24.2248993, 24.6625996, 25.1166, 25.5874996, 26.0764008, 26.5844002, 27.1126003, 27.6622009, 28.2345009, 28.8309994, 29.4531994, 30.1028996, 30.7819996, 31.4923, 32.2361984, 33.0161018, 33.8347015, 34.6949005, 35.5999985, 36.5536003, 37.5596008, 38.6226006, 39.7476006, 40.9399986, 42.2061996, 43.5531998, 44.9889984, 46.5227013, 48.1646996, 49.9267998, 51.8227997, 53.8684006, 56.0821991, 58.4856987, 61.1044998, 63.9687996, 67.1147995, 70.5861969, 74.4364014, 78.7307968, 83.5510025, 89.0, 95.2092972, 102.3499985, 110.6490021, 120.4120026, 132.0650024, 146.2140045, 163.7599945, 186.0910034, 215.473999, 255.875, 314.9230042, 409.3999939, 584.8569946], "n": [1.40702, 1.39858, 1.3934, 1.39022, 1.3875901, 1.38115, 1.37773, 1.37286, 1.36657, 1.36417, 1.35786, 1.35286, 1.34584, 1.3441, 1.3335299, 1.32952, 1.3239, 1.3173701, 1.31148, 1.3043801, 1.29482, 1.2888499, 1.27833, 1.26782, 1.25977, 1.24238, 1.2321, 1.21619, 1.1997499, 1.1849999, 1.15848, 1.13582, 1.11062, 1.08911, 1.06735, 1.04869, 1.04335, 1.03055, 1.02309, 1.01647, 1.00258, 0.98689, 0.97082, 0.94906, 0.93252, 0.90831, 0.89053, 0.86626, 0.85307, 0.83632, 0.79542, 0.75171, 0.66616, 0.58292, 0.54311, 0.53139, 0.54912, 0.59866, 0.69172, 0.83938, 1.0474, 1.30627, 1.55364, 1.72816, 1.85211, 1.95531, 2.02212, 2.00913, 1.9582601, 1.92904, 1.84354, 1.68215, 1.55018, 1.5590301, 1.6698999, 1.81004, 1.95162, 2.11393, 2.2479899, 2.2126801, 2.06704, 2.0518401, 2.1133299, 2.3046, 2.48861, 2.4742601, 2.3820801, 2.30618, 2.23681, 2.1810501, 2.13783, 2.09165, 2.0601201, 2.0269699, 2.00088, 1.98332, 1.9562401, 1.93674, 1.90522, 1.87366, 1.83418, 1.79545, 1.74819, 1.69926, 1.69637, 1.7937, 1.8538899, 1.80251, 1.76025, 1.7152801, 1.6729, 1.6315399, 1.5914, 1.5615799, 1.51352, 1.4348201, 1.37527, 1.50124, 1.7426, 1.73825, 1.66079, 1.58272, 1.52433, 1.46876, 1.4058599, 1.31116, 1.21716, 1.13026, 1.09121, 1.2325701, 1.28544, 1.22191, 1.17299, 1.20226, 1.33077, 1.52772, 1.74151, 1.93209, 2.1004, 2.1423299, 2.2912199, 2.38521, 2.3136599, 2.2794299, 2.2209699, 2.1844499, 2.07219, 2.0138299, 1.9492199, 1.8494999, 1.84167, 1.85413, 1.9447401, 1.9758101, 1.92211, 1.80703, 1.69629, 1.6529, 1.84519, 2.21385, 2.6001101, 2.8545001, 2.88362, 2.7820499, 2.6514499, 2.5571899, 2.5430601, 2.5304999, 2.4396501, 2.49317, 2.4960799, 2.4443099, 2.3812699, 2.3018701, 2.26178, 2.2578299, 2.3365901, 2.4755099, 2.56236, 2.67399, 2.80248, 2.8565199, 2.8363099, 2.8508401, 2.8199, 2.7998099, 2.7873199, 2.7744999, 2.76423, 2.75421, 2.74616, 2.7384901, 2.73262, 2.72721, 2.7232499, 2.7199099, 2.7178199, 2.71611, 2.71539, 2.7147999, 2.7151799, 2.7154701, 2.7162399], "k": [0.02567, 0.02429, 0.02225, 0.02093, 0.01906, 0.01995, 0.01558, 0.02015, 0.01663, 0.01622, 0.01253, 0.01225, 0.01022, 0.01301, 0.00851, 0.01172, 0.00958, 0.00831, 0.0088, 0.00766, 0.00654, 0.00789, 0.01043, 0.00771, 0.01106, 0.0121, 0.00856, 0.00856, 0.00697, 0.00876, 0.00677, 0.00454, 0.02187, 0.04439, 0.06118, 0.08082, 0.10362, 0.11826, 0.14176, 0.15335, 0.16616, 0.18338, 0.1966, 0.21803, 0.23457, 0.25735, 0.284, 0.31541, 0.34565, 0.36384, 0.38515, 0.40607, 0.45239, 0.55823, 0.69812, 0.84503, 1.00554, 1.1725301, 1.34629, 1.50971, 1.63825, 1.68523, 1.63283, 1.51456, 1.40232, 1.27496, 1.11593, 0.95844, 0.8597, 0.78588, 0.68053, 0.6692, 0.79184, 0.97549, 1.09661, 1.14619, 1.15222, 1.10711, 0.95174, 0.74676, 0.72159, 0.80652, 0.88689, 0.90611, 0.72627, 0.49524, 0.37169, 0.30634, 0.26046, 0.23182, 0.21302, 0.19735, 0.19143, 0.1805, 0.17835, 0.16557, 0.15664, 0.14171, 0.12647, 0.12011, 0.1133, 0.11221, 0.13104, 0.17973, 0.26505, 0.29076, 0.2149, 0.15243, 0.12624, 0.12366, 0.12113, 0.12968, 0.14527, 0.16857, 0.17982, 0.21993, 0.35912, 0.55386, 0.47742, 0.29786, 0.24173, 0.22108, 0.20941, 0.22558, 0.23266, 0.26605, 0.31983, 0.43587, 0.62497, 0.76707, 0.72602, 0.77397, 0.89343, 1.08988, 1.27162, 1.37403, 1.40748, 1.3592499, 1.2790101, 1.16835, 1.136, 0.86517, 0.74152, 0.66747, 0.60423, 0.51149, 0.50605, 0.53259, 0.50831, 0.61216, 0.6851, 0.73647, 0.74169, 0.73303, 0.73241, 0.70647, 0.84283, 1.1332901, 1.41277, 1.5814101, 1.48667, 1.17002, 0.87037, 0.64966, 0.57874, 0.58139, 0.5566, 0.54622, 0.59819, 0.52353, 0.47501, 0.45061, 0.41726, 0.48533, 0.55586, 0.62176, 0.80245, 0.85102, 0.7998, 0.82454, 0.73706, 0.55936, 0.53162, 0.47457, 0.34779, 0.33343, 0.30157, 0.27763, 0.25221, 0.23255, 0.21213, 0.19541, 0.17821, 0.16347, 0.14837, 0.13467, 0.12033, 0.10701, 0.09294, 0.07934, 0.06507, 0.05083, 0.03603], "formula": "mg0.50fe0.43ca0.03al0.04", "density": 3.2, "temperature": 298.0, "stype": "crystalline pyroxene", "origin": "LABORATORY",