{"species": "mg0.8fe1.2", "wavelength": [0.2, 0.22, 0.24, 0.26, 0.28, 0.3, 0.32, 0.34, 0.36, 0.38, 0.4, 0.42, 0.45, 0.5, 0.55, 0.6, 0.65, 0.7, 0.75, 0.8, 0.9, 1.0, 1.1, 1.2, 1.3, 1.4, 1.5, 1.6, 1.7, 1.8, 1.9, 2.0, 2.2, 2.4, 2.6, 2.8, 3.0, 3.5, 4.0, 4.5, 5.0, 5.5, 6.0, 6.5, 7.0, 7.5, 8.0, 8.2, 8.4, 8.6, 8.8, 9.0, 9.2, 9.4, 9.6, 9.8, 10.0, 10.2, 10.4, 10.6, 10.8, 11.0, 11.2, 11.4, 11.6, 11.8, 12.0, 12.5, 13.0, 13.5, 14.0, 14.5, 15.0, 15.5, 16.0, 16.5, 17.0, 17.5, 18.0, 18.5, 19.0, 19.5, 20.0, 21.0, 22.0, 23.0, 24.0, 25.0, 26.0, 27.0, 28.0, 29.0, 30.0, 32.0, 34.0, 36.0, 38.0, 40.0, 45.0, 50.0, 55.0, 60.0, 65.0, 70.0, 75.0, 80.0, 100.0, 200.0, 500.0], "n": [1.718, 1.72727, 1.75466, 1.7783, 1.79727, 1.81532, 1.83198, 1.84335, 1.849, 1.84964, 1.847, 1.84325, 1.83535, 1.823, 1.81111, 1.80136, 1.79332, 1.78574, 1.78003, 1.775, 1.76946, 1.77, 1.77786, 1.7902, 1.8048, 1.8184, 1.8298, 1.8388, 1.84554, 1.85016, 1.85325, 1.856, 1.865983, 1.859108, 1.858175, 1.853195, 1.846472, 1.835704, 1.827835, 1.819363, 1.804569, 1.780277, 1.749977, 1.720134, 1.670572, 1.612192, 1.504034, 1.431815, 1.374958, 1.341515, 1.324737, 1.316107, 1.331259, 1.35861, 1.404213, 1.468535, 1.543118, 1.62313, 1.70293, 1.782183, 1.864782, 1.950822, 2.022991, 2.085787, 2.123489, 2.138288, 2.12277, 2.051214, 1.928035, 1.786068, 1.690974, 1.61167, 1.526524, 1.427629, 1.381195, 1.409275, 1.483968, 1.575896, 1.663809, 1.738552, 1.798131, 1.855364, 1.903022, 2.002913, 2.101108, 2.202579, 2.305182, 2.414346, 2.524447, 2.648373, 2.766874, 2.863258, 2.937391, 3.025273, 3.06616, 3.084958, 3.101369, 3.100134, 3.100785, 3.101453, 3.114517, 3.125143, 3.126252, 3.13, 3.13, 3.13, 3.13, 3.13, 3.13], "k": [0.2792, 0.321307, 0.325936, 0.313695, 0.297582, 0.279315, 0.257025, 0.231578, 0.20608, 0.182997, 0.1632, 0.146718, 0.12701, 0.104, 0.089232, 0.079632, 0.073656, 0.070516, 0.06961, 0.070532, 0.076997, 0.08691, 0.096674, 0.103132, 0.10472, 0.10208, 0.09658, 0.089736, 0.082529, 0.075414, 0.069053, 0.062859, 0.05172, 0.042969, 0.036441, 0.031975, 0.029406, 0.026071, 0.023314, 0.021705, 0.02132, 0.02157, 0.02095, 0.020392, 0.02056, 0.021585, 0.036023, 0.077191, 0.145875, 0.223196, 0.30537, 0.388085, 0.472864, 0.559828, 0.637764, 0.706792, 0.758338, 0.791238, 0.809314, 0.814731, 0.812594, 0.784178, 0.737664, 0.676667, 0.59778, 0.512037, 0.440619, 0.304333, 0.220685, 0.223366, 0.270883, 0.321541, 0.381687, 0.49256, 0.652868, 0.81907, 0.948029, 1.03561, 1.087993, 1.120811, 1.146811, 1.17288, 1.200503, 1.244749, 1.285016, 1.319751, 1.346709, 1.363924, 1.367592, 1.35742, 1.315481, 1.255951, 1.180379, 1.040482, 0.924856, 0.83276, 0.760192, 0.700403, 0.604746, 0.543902, 0.488327, 0.448499, 0.413689, 0.384, 0.359, 0.336, 0.269, 0.135, 0.054], "formula": "mg0.8fe1.2", "density": 3.75, "temperature": 298.0, "stype": "amorphous olivine", "origin": "LABORATORY", "citation": "@ARTICLE{1994A&A...292..641J, author = {{Jaeger}, C. and {Mutschke}, H. and {Begemann}, B. and {Dorschner}, J. and {Henning}, Th.}, title = '{Steps toward interstellar silicate mineralogy. I. Laboratory results of a silicate glass of mean cosmic composition.}',journal = {\\aap}, keywords = {Cosmic Dust, Glass, Infrared Spectra, Interstellar Matter, Mineralogy, Pyroxenes, Silicates, Stellar Envelopes, Infrared Spectroscopy, Iron, Molecular Clouds, T Tauri Stars, Astrophysics, CIRCUMSTELLAR MATTER, DUST, EXTINCTION, INFRARED: INTERSTELLAR: LINES},year = 1994,month = dec,volume = {292},pages = {641-655},adsurl = {https://ui.adsabs.harvard.edu/abs/1994A&A...292..641J},adsnote = {Provided by the SAO/NASA Astrophysics Data System}};@ARTICLE{1995A&A...300..503D,author = {{Dorschner}, J. and {Begemann}, B. and {Henning}, T. and {Jaeger}, C. and {Mutschke}, H.},title = '{Steps toward interstellar silicate mineralogy. II. Study of Mg-Fe-silicate glasses of variable composition.}',journal = {\\aap},keywords = {CIRCUMSTELLAR MATTER, DUST, EXTINCTION, INFRARED: INTERSTELLAR: LINES, METHODS: LABORATORY},year = 1995,month = aug,volume = {300},pages = {503},adsurl = {https://ui.adsabs.harvard.edu/abs/1995A&A...300..503D},adsnote = {Provided by the SAO/NASA Astrophysics Data System}};@INPROCEEDINGS{1997ASIC..487..223M,author = {{Mutschke}, H. and {Begemann}, B. and {Dorschner}, J. and {J{\"a}ger}, C. and {Henning}, Th.},title = '{Optical data of glassy pyroxenes and olivines}',booktitle = {The Cosmic Dust Connection},year = 1997,editor = {{Greenberg}, J.~M.},series = {NATO Advanced Study Institute (ASI) Series C},volume = {487},month = jan,pages = {223},adsurl = {https://ui.adsabs.harvard.edu/abs/1997ASIC..487..223M},adsnote = {Provided by the SAO/NASA Astrophysics Data System}};@ARTICLE{1998A&A...339..904J,author = {{Jaeger}, C. and {Molster}, F.~J. and {Dorschner}, J. and {Henning}, Th. and {Mutschke}, H. and {Waters}, L.~B.~F.~M.},title = '{Steps toward interstellar silicate mineralogy. IV. The crystalline revolution}',journal = {\\aap},keywords = {LINE: IDENTIFICATION, METHODS: LABORATORY, CIRCUMSTELLAR MATTER, INFRARED: ISM: LINES AND BANDS, INFRARED: STARS},year = 1998,month = nov,volume = {339},pages = {904-916},adsurl = {https://ui.adsabs.harvard.edu/abs/1998A&A...339..904J},adsnote = {Provided by the SAO/NASA Astrophysics Data System}}"}