{"species": "pyrmg100", "wavelength": [0.2, 0.22, 0.24, 0.26, 0.28, 0.3, 0.32, 0.34, 0.36, 0.38, 0.4, 0.42, 0.45, 0.5, 0.55, 0.6, 0.65, 0.7, 0.75, 0.8, 0.9, 1.0, 1.1, 1.2, 1.3, 1.4, 1.5, 1.6, 1.7, 1.8, 1.9, 2.0, 2.2, 2.4, 2.6, 2.8, 3.0, 3.5, 4.0, 4.5, 5.0, 5.5, 6.0, 6.5, 7.0, 7.5, 8.0, 8.2, 8.4, 8.6, 8.8, 9.0, 9.2, 9.4, 9.6, 9.8, 10.0, 10.2, 10.4, 10.6, 10.8, 11.0, 11.2, 11.4, 11.6, 11.8, 12.0, 12.5, 13.0, 13.5, 14.0, 14.5, 15.0, 15.5, 16.0, 16.5, 17.0, 17.5, 18.0, 18.5, 19.0, 19.5, 20.0, 21.0, 22.0, 23.0, 24.0, 25.0, 26.0, 27.0, 28.0, 29.0, 30.0, 32.0, 34.0, 36.0, 38.0, 40.0, 45.0, 50.0, 55.0, 60.0, 65.0, 70.0, 75.0, 80.0, 100.0, 200.0, 500.0], "n": [1.69166, 1.65998, 1.64187, 1.62608, 1.61498, 1.60616, 1.59752, 1.59244, 1.59122, 1.59004, 1.58747, 1.58625, 1.58331, 1.57711, 1.57612, 1.57301, 1.56946, 1.56611, 1.56663, 1.56445, 1.56176, 1.55945, 1.55472, 1.5507, 1.5458, 1.54902, 1.54037, 1.54005, 1.53853, 1.53662, 1.53053, 1.52799, 1.53306, 1.52447, 1.52366, 1.52277, 1.51844, 1.51246, 1.50812, 1.4989, 1.48313, 1.45975, 1.42743, 1.3899, 1.34736, 1.27289, 1.12611, 1.03359, 0.964029, 0.934795, 0.927277, 0.94561, 1.0209, 1.13563, 1.29183, 1.46798, 1.63853, 1.78179, 1.90156, 1.99523, 2.07564, 2.12022, 2.14447, 2.14106, 2.11519, 2.05396, 1.96742, 1.79516, 1.70943, 1.65838, 1.59984, 1.5421, 1.46371, 1.3628, 1.276, 1.24442, 1.26277, 1.3233, 1.40977, 1.51396, 1.61613, 1.71323, 1.79382, 1.91592, 1.9925, 2.0495, 2.09495, 2.14163, 2.18245, 2.22408, 2.26338, 2.29887, 2.33317, 2.39539, 2.44404, 2.47035, 2.49383, 2.50397, 2.51713, 2.52801, 2.54201, 2.54934, 2.55752, 2.56161, 2.57184, 2.57985, 2.58, 2.58, 2.58], "k": [0.0, 0.0, 0.0, 0.0, 0.0, 0.0, 0.00012, 5.6e-05, 3.2e-05, 2.3e-05, 2e-05, 2e-05, 2e-05, 2.1e-05, 2.2e-05, 2.4e-05, 2.6e-05, 2.7e-05, 2.9e-05, 3.1e-05, 3.4e-05, 3.7e-05, 3.9e-05, 4.1e-05, 4.3e-05, 4.5e-05, 4.6e-05, 4.8e-05, 4.9e-05, 5.1e-05, 5.3e-05, 5.5e-05, 5.8e-05, 5.9e-05, 6.2e-05, 6.5e-05, 6.9e-05, 7.7e-05, 9.8e-05, 0.000254, 0.001717, 0.002991, 0.003063, 0.003618, 0.004679, 0.007576, 0.08, 0.172919, 0.282479, 0.405138, 0.53718, 0.683368, 0.838377, 0.96992, 1.06366, 1.10711, 1.08967, 1.0365, 0.963028, 0.880221, 0.781747, 0.664483, 0.550649, 0.439305, 0.325975, 0.233126, 0.172564, 0.156462, 0.180131, 0.191791, 0.202059, 0.207884, 0.227195, 0.288365, 0.400827, 0.540814, 0.687301, 0.812235, 0.913193, 0.978202, 1.01319, 1.02311, 1.01633, 0.976749, 0.935388, 0.904287, 0.884255, 0.866796, 0.847426, 0.831598, 0.812555, 0.79501, 0.773947, 0.72695, 0.672697, 0.618677, 0.572154, 0.531511, 0.462887, 0.416075, 0.377017, 0.349009, 0.317048, 0.300762, 0.28183, 0.255008, 0.2, 0.1, 0.04], "formula": "MgSiO(3)", "density": 2.71, "temperature": 298.0, "stype": "PYROXENE", "origin": "HYBRID", "citation": "@ARTICLE{1994A&A...292..641J, author = {{Jaeger}, C. and {Mutschke}, H. and {Begemann}, B. and {Dorschner}, J. and {Henning}, Th.}, title = \"{Steps toward interstellar silicate mineralogy. I. Laboratory results of a silicate glass of mean cosmic composition.}\",journal = {\\aap},keywords = {Cosmic Dust, Glass, Infrared Spectra, Interstellar Matter, Mineralogy, Pyroxenes, Silicates, Stellar Envelopes, Infrared Spectroscopy, Iron, Molecular Clouds, T Tauri Stars, Astrophysics, CIRCUMSTELLAR MATTER, DUST, EXTINCTION, INFRARED: INTERSTELLAR: LINES},year = 1994,month = dec, volume = {292},pages = {641-655},adsurl = {https://ui.adsabs.harvard.edu/abs/1994A&A...292..641J},adsnote = {Provided by the SAO/NASA Astrophysics Data System}} ; @ARTICLE{1995A&A...300..503D,author = {{Dorschner}, J. and {Begemann}, B. and {Henning}, T. and {Jaeger}, C. and {Mutschke}, H.}, title = \"{Steps toward interstellar silicate mineralogy. II. Study of Mg-Fe-silicate glasses of variable composition.}\",journal = {\\aap},keywords = {CIRCUMSTELLAR MATTER, DUST, EXTINCTION, INFRARED: INTERSTELLAR: LINES, METHODS: LABORATORY},year = 1995,month = aug,volume = {300},pages = {503},adsurl = {https://ui.adsabs.harvard.edu/abs/1995A&A...300..503D},adsnote = {Provided by the SAO/NASA Astrophysics Data System}}"}