{"species": "olmg50", "wavelength": [0.2, 0.22, 0.24, 0.26, 0.28, 0.3, 0.32, 0.34, 0.36, 0.38, 0.4, 0.42, 0.45, 0.5, 0.55, 0.6, 0.65, 0.7, 0.75, 0.8, 0.9, 1.0, 1.1, 1.2, 1.3, 1.4, 1.5, 1.6, 1.7, 1.8, 1.9, 2.0, 2.2, 2.4, 2.6, 2.8, 3.0, 3.5, 4.0, 4.5, 5.0, 5.5, 6.0, 6.5, 7.0, 7.5, 8.0, 8.2, 8.4, 8.6, 8.8, 9.0, 9.2, 9.4, 9.6, 9.8, 10.0, 10.2, 10.4, 10.6, 10.8, 11.0, 11.2, 11.4, 11.6, 11.8, 12.0, 12.5, 13.0, 13.5, 14.0, 14.5, 15.0, 15.5, 16.0, 16.5, 17.0, 17.5, 18.0, 18.5, 19.0, 19.5, 20.0, 21.0, 22.0, 23.0, 24.0, 25.0, 26.0, 27.0, 28.0, 29.0, 30.0, 32.0, 34.0, 36.0, 38.0, 40.0, 45.0, 50.0, 55.0, 60.0, 65.0, 70.0, 75.0, 80.0, 100.0, 200.0, 500.0], "n": [1.639, 1.64627, 1.67366, 1.6993, 1.72027, 1.73932, 1.75598, 1.76952, 1.77788, 1.78236, 1.783, 1.78162, 1.7769, 1.768, 1.75811, 1.75002, 1.74332, 1.73674, 1.73203, 1.728, 1.72423, 1.726, 1.73405, 1.74488, 1.7564, 1.7656, 1.77255, 1.7774, 1.78088, 1.78352, 1.7849, 1.786, 1.78454, 1.77993, 1.77741, 1.77367, 1.7698, 1.75722, 1.74736, 1.73505, 1.71327, 1.69049, 1.66058, 1.62796, 1.58174, 1.52459, 1.43225, 1.3773, 1.31056, 1.23979, 1.17811, 1.13066, 1.11797, 1.14521, 1.20485, 1.28446, 1.38578, 1.49069, 1.59071, 1.69936, 1.8098, 1.9032, 1.98451, 2.06116, 2.11992, 2.15139, 2.14595, 2.01853, 1.84399, 1.70781, 1.62867, 1.55464, 1.45256, 1.3516, 1.29076, 1.30294, 1.35643, 1.43702, 1.53147, 1.62769, 1.70799, 1.78474, 1.84904, 1.95621, 2.02547, 2.09904, 2.18235, 2.29287, 2.39621, 2.49781, 2.60692, 2.7034, 2.78852, 2.89845, 2.95622, 2.97569, 3.01692, 3.02198, 3.03109, 3.04988, 3.08129, 3.09163, 3.09794, 3.1, 3.1, 3.1, 3.1, 3.1, 3.1], "k": [0.2527, 0.296752, 0.306467, 0.298033, 0.284053, 0.267913, 0.248871, 0.226834, 0.203944, 0.182206, 0.1627, 0.146043, 0.125545, 0.1008, 0.084417, 0.073388, 0.066047, 0.061587, 0.059366, 0.05894, 0.062433, 0.068667, 0.073906, 0.075312, 0.07272, 0.067319, 0.060619, 0.05379, 0.0473, 0.041358, 0.036315, 0.031472, 0.022807, 0.01645, 0.013906, 0.012492, 0.011819, 0.010237, 0.009116, 0.008616, 0.008925, 0.0096, 0.009538, 0.00948, 0.010248, 0.011749, 0.018034, 0.029283, 0.068907, 0.130354, 0.208844, 0.322395, 0.450726, 0.578708, 0.692721, 0.788015, 0.858723, 0.900194, 0.924853, 0.936368, 0.914062, 0.87359, 0.821378, 0.754132, 0.659036, 0.555593, 0.449014, 0.259213, 0.198182, 0.224203, 0.269157, 0.304912, 0.345071, 0.45796, 0.6117, 0.781527, 0.920307, 1.0341, 1.1158, 1.16322, 1.19249, 1.21169, 1.22626, 1.2311, 1.24423, 1.27883, 1.32251, 1.3478, 1.35215, 1.34649, 1.32236, 1.2947, 1.23395, 1.10453, 0.996759, 0.909601, 0.839224, 0.769572, 0.680491, 0.628184, 0.548553, 0.500892, 0.449979, 0.418, 0.39, 0.366, 0.292, 0.146, 0.058], "formula": "MgFeSiO(4)", "density": 3.71, "temperature": 298.0, "stype": "OLIVINE", "origin": "HYBRID", "citation": "@ARTICLE{1994A&A...292..641J, author = {{Jaeger}, C. and {Mutschke}, H. and {Begemann}, B. and {Dorschner}, J. and {Henning}, Th.}, title = \"{Steps toward interstellar silicate mineralogy. I. Laboratory results of a silicate glass of mean cosmic composition.}\",journal = {\\aap},keywords = {Cosmic Dust, Glass, Infrared Spectra, Interstellar Matter, Mineralogy, Pyroxenes, Silicates, Stellar Envelopes, Infrared Spectroscopy, Iron, Molecular Clouds, T Tauri Stars, Astrophysics, CIRCUMSTELLAR MATTER, DUST, EXTINCTION, INFRARED: INTERSTELLAR: LINES},year = 1994,month = dec, volume = {292},pages = {641-655},adsurl = {https://ui.adsabs.harvard.edu/abs/1994A&A...292..641J},adsnote = {Provided by the SAO/NASA Astrophysics Data System}} ; @ARTICLE{1995A&A...300..503D,author = {{Dorschner}, J. and {Begemann}, B. and {Henning}, T. and {Jaeger}, C. and {Mutschke}, H.}, title = \"{Steps toward interstellar silicate mineralogy. II. Study of Mg-Fe-silicate glasses of variable composition.}\",journal = {\\aap},keywords = {CIRCUMSTELLAR MATTER, DUST, EXTINCTION, INFRARED: INTERSTELLAR: LINES, METHODS: LABORATORY},year = 1995,month = aug,volume = {300},pages = {503},adsurl = {https://ui.adsabs.harvard.edu/abs/1995A&A...300..503D},adsnote = {Provided by the SAO/NASA Astrophysics Data System}}"}